,GTEX-Y8LW-0126-SM-4VBS1,GTEX-17HHE-0326-SM-793BH,GTEX-12WSK-0126-SM-5GCO7,GTEX-1CB4E-0126-SM-7DHMX,GTEX-15SHV-0126-SM-6LPIS,GTEX-15ER7-1526-SM-6LLHO,GTEX-1MGNQ-1126-SM-EAZ4Y,GTEX-1R9PM-0126-SM-DPRY6,GTEX-14PK6-0526-SM-69LOF,GTEX-1PIIG-1226-SM-EXOIQ,GTEX-ZP4G-0326-SM-4YCEF,GTEX-QMRM-0226-SM-CL55S,GTEX-1F5PL-2226-SM-7MKHE,GTEX-XMK1-0126-SM-4B65F,GTEX-1R7EV-0126-SM-EAZ3O,GTEX-131XE-1126-SM-5EGHW,GTEX-1MCC2-0826-SM-EV7AM,GTEX-X3Y1-0126-SM-4PQZA,GTEX-ZTTD-1726-SM-57WEL,GTEX-17GQL-0126-SM-72D5Q,GTEX-XAJ8-0126-SM-47JYG,GTEX-QMRM-0226-SM-4R1K7,GTEX-1AYD5-0226-SM-79ONV,GTEX-1RNTQ-1026-SM-EV7B4,GTEX-WHWD-0126-SM-4OORS,GTEX-18A66-1826-SM-7KFSU,GTEX-Y5LM-0326-SM-4VBRN,GTEX-WXYG-0126-SM-4OND7,GTEX-XXEK-0126-SM-4BRVU,GTEX-ZF29-0626-SM-4WKHD,GTEX-17F97-1626-SM-72D6W,GTEX-12WSG-0926-SM-5EGIH,GTEX-14PJ5-0326-SM-664OD,GTEX-15CHC-0726-SM-6AJ9D,GTEX-13U4I-1626-SM-5IFFR,GTEX-1GZ4H-0126-SM-9JGGI,GTEX-1QP66-0126-SM-EAZ3N,GTEX-1MJK3-0126-SM-DPRYY,GTEX-QDT8-1526-SM-EXOHP,GTEX-1JKYN-0326-SM-AHZ4D,GTEX-1R9JW-0126-SM-EAZ4P,GTEX-14BMU-0426-SM-73KYT,GTEX-1MCYP-0226-SM-EV7A3,GTEX-1S831-0726-SM-EV79O,GTEX-S4Z8-0226-SM-4AD5K,GTEX-1PWST-1626-SM-EXOIU,GTEX-ZF2S-0326-SM-4WKGD,GTEX-14PKU-0526-SM-6871A,GTEX-13X6H-0726-SM-5Q5BX,GTEX-U3ZN-0126-SM-4DXUM,GTEX-1QAET-2326-SM-EXOJ1,GTEX-1QP29-0126-SM-EAZ3S,GTEX-146FQ-0626-SM-5LU9U,GTEX-WYVS-0126-SM-4ONDH,GTEX-17F9E-1126-SM-79OMO,GTEX-1KAFJ-1026-SM-D4P2Z,GTEX-13111-0126-SM-5EGHO,GTEX-P4QS-0926-SM-48TBS,GTEX-ZG7Y-2026-SM-DO91N,GTEX-1JKYR-1126-SM-CGQGJ,GTEX-POMQ-0126-SM-48TD6,GTEX-YB5K-1926-SM-4VDT4,GTEX-1JMLX-1426-SM-CNNPO,GTEX-1PPH7-0126-SM-E6CPB,GTEX-P78B-1226-SM-EZ6KP,GTEX-12WSD-1726-SM-5GCN4,GTEX-PX3G-0926-SM-48U12,GTEX-1FIGZ-0126-SM-7MKGZ,GTEX-PLZ6-0126-SM-48TC6,GTEX-Q2AH-0226-SM-48U1I,GTEX-13VXT-1326-SM-5LU3Y,GTEX-ZPIC-0126-SM-DNZZ9,GTEX-Y114-0726-SM-4TT6U,GTEX-17F96-1426-SM-7IGQA,GTEX-X4LF-0226-SM-4QAS8,GTEX-1122O-0526-SM-5N9DM,GTEX-1PDJ9-0226-SM-DPRYX,GTEX-UPK5-1626-SM-4JBHI,GTEX-11P81-1326-SM-5GU5S,GTEX-15DYW-1426-SM-6LPIW,GTEX-ZLFU-0526-SM-4WWBN,GTEX-VJYA-0126-SM-4KL1P,GTEX-XPVG-0626-SM-4B65B,GTEX-S3XE-0626-SM-4AD6B,GTEX-YEC4-0126-SM-4W21T,GTEX-ZEX8-0726-SM-4WKH8,GTEX-UJHI-0126-SM-4IHLP,GTEX-1AMFI-0926-SM-731E4,GTEX-OOBJ-0926-SM-48TDO,GTEX-ZVP2-0526-SM-51MSC,GTEX-T5JW-0126-SM-4DM6K,GTEX-QV44-0126-SM-CJI1X,GTEX-1B97J-1926-SM-7IGQB,GTEX-PW2O-0126-SM-48TC8,GTEX-13OVK-0426-SM-7KFT8,GTEX-16MT9-1726-SM-6M47P,GTEX-14E6E-1226-SM-5S2R5,GTEX-1KD5A-1526-SM-D4P3W,GTEX-1QMI2-1526-SM-EXOJT,GTEX-XGQ4-0126-SM-4AT4H,GTEX-13S86-0126-SM-5S2PI,GTEX-Y3I4-0126-SM-4TT26,GTEX-1RAZA-1026-SM-E6CQ9,GTEX-14DAR-0326-SM-5S2PS,GTEX-139YR-0426-SM-5IFFV,GTEX-ZYFG-0726-SM-5GIDX,GTEX-ZV6S-0826-SM-5NQ6Z,GTEX-18A67-1526-SM-7LG6F,GTEX-1LNCM-0426-SM-DHXK6,GTEX-1RAZR-1626-SM-EAZ4V,GTEX-11LCK-0126-SM-5A5M5,GTEX-1C6VQ-2126-SM-7IGNL,GTEX-1LVAN-1026-SM-CNNQZ,GTEX-12WSJ-0526-SM-5GCOZ,GTEX-147F3-0126-SM-5NQBJ,GTEX-15ETS-3126-SM-6LPKN,GTEX-1A3MV-0126-SM-731FQ,GTEX-13PL7-1126-SM-5MR5O,GTEX-P4PQ-0926-SM-E9U4D,GTEX-ZPCL-0626-SM-DNZZ6,GTEX-1KANA-1226-SM-DHXKE,GTEX-1JMQK-1126-SM-CXZJW,GTEX-1C4CL-0626-SM-731DM,GTEX-W5WG-0626-SM-4SOID,GTEX-1CB4F-0226-SM-7EPHS,GTEX-11EQ9-0426-SM-5A5JY,GTEX-1N2EF-1526-SM-EXOIY,GTEX-1GF9U-0126-SM-AHZ4G,GTEX-QV44-0126-SM-4R1KH,GTEX-1JMPZ-0926-SM-CXZJR,GTEX-1LG7Z-0126-SM-EV79V,GTEX-14PN3-0226-SM-6871K,GTEX-WYJK-0726-SM-4ONC9,GTEX-Y3IK-0126-SM-4WWE9,GTEX-12WSN-0126-SM-5DUX5,GTEX-OIZF-0926-SM-7MKH7,GTEX-1L5NE-0926-SM-D4P3P,GTEX-117YX-2126-SM-5GIEL,GTEX-1B8KZ-0226-SM-7EWF6,GTEX-WY7C-0126-SM-4ONCO,GTEX-1QCLY-0126-SM-DPRZV,GTEX-ZZPU-0126-SM-5E446,GTEX-RUSQ-0126-SM-47JWV,GTEX-111CU-0426-SM-5GZY1,GTEX-O5YT-0926-SM-48TDG,GTEX-1LGRB-0126-SM-CNNR6,GTEX-15RJ7-0126-SM-6LPJN,GTEX-1QCLZ-1026-SM-E6CR1,GTEX-139T6-0226-SM-5IFGZ,GTEX-ZLWG-0426-SM-4WWFA,GTEX-131XG-0426-SM-5IFGD,GTEX-111FC-1326-SM-5N9D9,GTEX-U4B1-0526-SM-4DXTK,GTEX-15RIF-0526-SM-6LLI2,GTEX-11P7K-0426-SM-5BC5H,GTEX-1B97I-0126-SM-731DH,GTEX-15SDE-0126-SM-793BA,GTEX-1R9K4-1526-SM-DPRY5,GTEX-1QW4Y-0126-SM-DPRZQ,GTEX-NFK9-1426-SM-43ISG,GTEX-1399S-0226-SM-5IFFG,GTEX-15UF7-1926-SM-6LPJT,GTEX-145MN-0126-SM-5RQHY,GTEX-1QP2A-2526-SM-EXOJB,GTEX-1IDJE-0126-SM-C1YQ6,GTEX-11VI4-0126-SM-5GU6Z,GTEX-R55C-0126-SM-48FEQ,GTEX-1R7EU-2026-SM-E9U63,GTEX-16XZY-0126-SM-7IGQ9,GTEX-11NSD-0426-SM-5N9CR,GTEX-15CHQ-1226-SM-6ETZL,GTEX-14PJ4-0526-SM-6871G,GTEX-11XUK-0426-SM-5EQML,GTEX-1K9T9-0626-SM-CXZKY,GTEX-R55G-0226-SM-48FEI,GTEX-1211K-0426-SM-5FQTP,GTEX-1R9K5-1126-SM-EAZ4G,GTEX-1F5PK-0726-SM-7MGXN,GTEX-15RIG-0126-SM-6PAN4,GTEX-Z9EW-0726-SM-5HL9H,GTEX-ZPU1-1026-SM-4YCEQ,GTEX-13N11-0126-SM-5KM2Z,GTEX-1AX9K-0226-SM-793CM,GTEX-1F75I-0226-SM-7MKHQ,GTEX-QESD-0126-SM-EXOHG,GTEX-QCQG-0226-SM-48U28,GTEX-14JG6-0226-SM-6872A,GTEX-1LSVX-1426-SM-DHXJO,GTEX-14PJ6-0226-SM-6AJ9K,GTEX-16MT8-1826-SM-7EWE8,GTEX-Y5V5-1126-SM-EVYAR,GTEX-XV7Q-0126-SM-4BRVK,GTEX-ZDTT-1026-SM-5KM19,GTEX-15SB6-0126-SM-6LPJR,GTEX-1LSNM-0126-SM-EAZ57,GTEX-11DXX-0726-SM-5H12X,GTEX-P4PP-0926-SM-48TBZ,GTEX-1K2DA-0126-SM-CGQGV,GTEX-OIZH-0926-SM-48TBR,GTEX-QV31-0126-SM-447BP,GTEX-WFON-0126-SM-4LVM9,GTEX-13CF3-0226-SM-5J1NW,GTEX-U3ZH-0126-SM-4DXUK,GTEX-QDVN-0526-SM-48TZ4,GTEX-13PVR-0326-SM-5RQJY,GTEX-13FH7-1326-SM-5IFG8,GTEX-1C475-1126-SM-7MGY7,GTEX-1MUQO-1326-SM-EV7AE,GTEX-X585-1826-SM-4QAS3,GTEX-169BO-0126-SM-79OLS,GTEX-YB5E-0426-SM-5IFHR,GTEX-ZAB5-0526-SM-5CVMU,GTEX-1C64O-1626-SM-731EN,GTEX-146FR-1926-SM-5NQA6,GTEX-1OFPY-0126-SM-EXOJ3,GTEX-P4QT-0926-SM-EZ6KQ,GTEX-1CB4I-1426-SM-79OLZ,GTEX-132QS-0226-SM-5IFFZ,GTEX-XQ8I-1726-SM-4BOQB,GTEX-Q734-0226-SM-48U1A,GTEX-14E1K-0126-SM-664NL,GTEX-17F98-0126-SM-7MGW3,GTEX-1RAZQ-0126-SM-EV7B1,GTEX-1IDJC-0126-SM-C1YQC,GTEX-15DZA-0126-SM-6PAMV,GTEX-ZVZP-0726-SM-59HKA,GTEX-ZDYS-1026-SM-4WKHC,GTEX-1399R-0226-SM-5IJGG
Sex,2,1,2,1,1,2,1,1,2,1,2,1,2,1,1,1,2,1,1,1,1,1,1,2,1,1,2,2,1,2,1,2,2,2,2,2,1,1,2,1,2,2,2,1,1,1,2,2,2,2,1,1,1,2,1,1,1,1,1,1,2,2,1,1,2,2,2,1,1,1,2,2,2,1,1,2,1,1,2,2,1,1,1,1,1,1,2,2,1,1,2,1,2,1,1,2,1,1,1,1,1,1,1,1,1,2,2,1,2,1,1,1,2,2,2,2,1,2,1,2,1,1,1,2,1,1,1,2,1,1,1,2,1,2,1,1,1,1,1,1,1,2,1,1,1,2,1,2,1,2,2,1,1,1,1,1,2,1,1,1,2,1,1,1,2,2,1,1,1,1,1,1,2,2,2,2,1,1,1,1,1,2,1,1,1,2,2,1,2,2,2,2,1,2,1,2,2,1,1,1,1,2,1,1,2,2,2,1,1,1,1,1,1,2,1,2,1,1,1,2,1,2,1,1,2,1,1,1
Age,55,55,45,65,65,25,45,25,75,35,25,55,45,45,45,55,35,45,55,65,45,55,55,25,55,65,45,55,55,65,55,55,65,65,45,55,55,25,35,35,35,25,25,25,65,75,55,45,55,35,55,55,35,45,55,55,55,65,55,25,25,45,55,45,45,65,25,45,35,45,25,45,55,75,55,65,25,45,35,65,45,65,55,55,45,55,55,55,65,55,25,55,55,25,45,65,35,55,65,55,45,55,25,55,55,65,45,55,55,45,35,55,55,45,55,45,35,65,65,65,25,65,35,55,65,35,65,45,55,35,35,65,55,55,45,65,55,55,55,55,35,55,55,55,25,55,45,65,55,55,55,65,45,25,35,45,55,65,35,45,35,45,35,55,55,45,45,65,75,25,65,65,45,55,45,65,55,55,45,45,45,55,55,45,25,55,35,65,65,65,65,45,65,55,55,65,35,55,55,35,45,65,35,55,65,55,45,65,55,55,45,55,65,65,65,55,55,65,55,45,55,45,35,55,35,55,55,35
RIN,7.2,7.6,6.9,8,8.1,5.9,6.4,6.5,6.7,5.5,7.8,7.2,6.3,7.2,6.7,7.8,5.9,6.4,6,7,8.1,7.2,6.6,8.1,7.5,6.8,8.8,6.9,7.2,8.3,6,6.1,7.5,6.8,7.7,7.4,7.1,7.1,5.5,7.8,7.1,8,7.5,6.8,7.4,6.9,8.3,9.3,7.4,6.8,5.6,5.8,5.8,9.7,6.6,6.7,7.2,6.7,7.2,5.8,7.3,7.1,6.4,6.4,5.8,6,7.8,5.8,7.9,6.5,6.4,6.7,8.3,5.9,6,7.8,7.4,7.1,7.1,6,6.8,7.5,8.8,6.2,6.6,7.8,8.1,8.1,7.5,6,7.3,7.4,5.9,7.8,6.4,5.8,6.8,6.1,5.5,6.4,6.9,6.9,7.4,7.1,7.8,6.5,5.7,7.6,5.5,6.4,7.5,6.1,8.4,5.8,6.9,6.8,8,7.3,5.7,7.5,5.8,5.8,7.4,8,6.9,8.1,5.9,5.7,7.4,5.8,5.5,6.6,6.9,8.4,6.8,7.8,6.6,6.5,6.4,6.1,6.1,6.2,6,7.3,7,7.6,6.5,5.5,7.3,8,7,5.7,6.5,8,5.8,6.3,7.8,5.6,6.3,8.7,7.1,6.4,7.6,7.9,7.2,7.2,7.1,7.7,5.7,6.5,6.3,7.7,6,6.3,7.7,7.7,6.7,5.9,7,6.1,7.2,6.9,7.7,7.7,5.5,6.6,6.2,5.8,7,6.3,5.5,8.6,5.9,7,8.1,5.8,8,7.5,6.1,6.5,5.8,6.5,6.2,7.7,7.7,8.1,8.9,6.3,5.7,7.1,7.6,7.4,5.6,7.5,7.6,5.8,7,6.3,6,7.8,7.2,5.7,7.9,8,6.5,7,6.7,7.3
PMI,207,116,122,56,187,1389,266,124,97,1467,169,90,481,137,233,203,192,156,356,445,118,90,288,492,220,364,80,118,128,101,955,345,160,204,441,42,47,58,633,100,128,1538,94,148,104,1031,98,155,196,110,418,326,501,230,290,559,266,69,256,435,162,267,1329,348,570,532,105,47,75,78,518,121,103,560,80,46,317,1005,278,546,105,205,88,100,170,82,141,144,133,136,130,75,246,115,196,617,145,579,794,137,132,103,355,112,163,68,357,368,472,563,184,957,409,118,72,113,211,159,151,88,134,947,383,210,320,80,637,477,75,751,159,79,754,74,148,93,107,120,303,161,456,185,167,71,118,102,173,281,135,85,102,1100,125,125,104,44,252,1071,447,363,62,341,105,522,66,102,132,424,458,85,889,103,104,481,75,72,427,155,29,212,106,153,276,237,216,152,93,771,89,484,193,51,108,86,192,95,66,106,133,153,137,113,181,135,110,136,101,392,834,112,165,177,553,1645,117,106,557,1535,488,43,148,213,440,344,180,82,175,84
PC1, 0.0144,-0.0072, 0.0148, 0.0141, 0.0139, 0.0146, 0.0077, 0.0161, 0.0151, 0.0114, 0.0155, 0.0154, 0.0146, 0.0126, 0.0127,-0.0926,-0.0628,-0.0887, 0.0145, 0.0156, 0.0146, 0.0154,-0.0984,-0.0936, 0.0148, 0.0142, 0.0148,-0.0965, 0.0143, 0.0141, 0.0165, 0.0136, 0.0152, 0.0149, 0.0151,-0.0758, 0.0138, 0.0108, 0.0133, 0.0128, 0.0145, 0.0137, 0.0143,-0.0409, 0.0143, 0.0157, 0.0148, 0.0154, 0.0141, 0.0135, 0.0149, 0.0130, 0.0141, 0.0138,-0.0089,-0.0232, 0.0065,-0.0865, 0.0142, 0.0152,-0.0663, 0.0137,-0.0900, 0.0144, 0.0141,-0.1049, 0.0142, 0.0152, 0.0154,-0.0724,-0.0868, 0.0153,-0.1079, 0.0145, 0.0140, 0.0139, 0.0150, 0.0153, 0.0146, 0.0147,-0.1001,-0.1004, 0.0151, 0.0159, 0.0141, 0.0089,-0.0911, 0.0151,-0.1026,-0.1043, 0.0130, 0.0150, 0.0150, 0.0096, 0.0127, 0.0135, 0.0154, 0.0155, 0.0143, 0.0148, 0.0152, 0.0143, 0.0152, 0.0146, 0.0159, 0.0147, 0.0137, 0.0130, 0.0144, 0.0141, 0.0148, 0.0145,-0.0237, 0.0148,-0.0002, 0.0128, 0.0137, 0.0160, 0.0132, 0.0152, 0.0134, 0.0148,-0.0232, 0.0148, 0.0153, 0.0135, 0.0158, 0.0136, 0.0150,-0.0931, 0.0147, 0.0147, 0.0151,-0.0831, 0.0146, 0.0141, 0.0137,-0.0240, 0.0134, 0.0139,-0.1065, 0.0135, 0.0158, 0.0107, 0.0133,-0.0032,-0.0902, 0.0151, 0.0130,-0.0583, 0.0151, 0.0099, 0.0152, 0.0141,-0.0998, 0.0093,-0.0809, 0.0148, 0.0137,-0.0799, 0.0145, 0.0128,-0.0985, 0.0159, 0.0147, 0.0140, 0.0149, 0.0139, 0.0037, 0.0139, 0.0139, 0.0135, 0.0150, 0.0156, 0.0155, 0.0149, 0.0143, 0.0148, 0.0149, 0.0145,-0.0853,-0.0942, 0.0058,-0.0920, 0.0146, 0.0100, 0.0133, 0.0149, 0.0146, 0.0145, 0.0158, 0.0161, 0.0153, 0.0152, 0.0149, 0.0141, 0.0136, 0.0120, 0.0084, 0.0143, 0.0149, 0.0145, 0.0104, 0.0153, 0.0150, 0.0146, 0.0118, 0.0150,-0.1073, 0.0154,-0.0257, 0.0154,-0.1038, 0.0144, 0.0072, 0.0085, 0.0132,-0.0087, 0.0142, 0.0153,-0.0858, 0.0141, 0.0144,-0.0166, 0.0052, 0.0149, 0.0136, 0.0165
PC2,-0.0039,-0.0038,-0.0060,-0.0071,-0.0034,-0.0031,-0.0047,-0.0087,-0.0044,-0.0048,-0.0010,-0.0070,-0.0057,-0.0041, 0.0175,-0.0147,-0.0129,-0.0123,-0.0036,-0.0072,-0.0029,-0.0070,-0.0165,-0.0134,-0.0055,-0.0084,-0.0051,-0.0156,-0.0061,-0.0031,-0.0076,-0.0001,-0.0060,-0.0061,-0.0052,-0.0142,-0.0037,-0.0022,-0.0035,-0.0045,-0.0073,-0.0061,-0.0026, 0.0069,-0.0080,-0.0042,-0.0057,-0.0096,-0.0033,-0.0067, 0.0007,-0.0002, 0.0011,-0.0053, 0.1241, 0.2854, 0.0228,-0.0088,-0.0064,-0.0047,-0.0130,-0.0094,-0.0172,-0.0084,-0.0028,-0.0190,-0.0049,-0.0087,-0.0076,-0.0125,-0.0107,-0.0057,-0.0163,-0.0077,-0.0028,-0.0097,-0.0009,-0.0059,-0.0090,-0.0053,-0.0080,-0.0144,-0.0023,-0.0073,-0.0044,-0.0035,-0.0160,-0.0117,-0.0168,-0.0127,-0.0039,-0.0017,-0.0054,-0.0055,-0.0046,-0.0031,-0.0030,-0.0029,-0.0068,-0.0019,-0.0070,-0.0101,-0.0043,-0.0006,-0.0041,-0.0026,-0.0056,-0.0061,-0.0054,-0.0045,-0.0085, 0.0017, 0.2672,-0.0042, 0.0790,-0.0041,-0.0085,-0.0043,-0.0060,-0.0082,-0.0042,-0.0013, 0.2773,-0.0042,-0.0082,-0.0064,-0.0079,-0.0070,-0.0017,-0.0171,-0.0068,-0.0060,-0.0029,-0.0129,-0.0085,-0.0080,-0.0060, 0.2897,-0.0044,-0.0067,-0.0186,-0.0053,-0.0051,-0.0026,-0.0082, 0.0780,-0.0135,-0.0042,-0.0050,-0.0045,-0.0055,-0.0050,-0.0066,-0.0026,-0.0125,-0.0004,-0.0114,-0.0043,-0.0046,-0.0086,-0.0025,-0.0055,-0.0150,-0.0064,-0.0080,-0.0072,-0.0072,-0.0049, 0.0519,-0.0032,-0.0007,-0.0095,-0.0078,-0.0054,-0.0048,-0.0040,-0.0065,-0.0046,-0.0035,-0.0066,-0.0079,-0.0110,-0.0070,-0.0148,-0.0060,-0.0053,-0.0048,-0.0046,-0.0056,-0.0040,-0.0019,-0.0077,-0.0056,-0.0030,-0.0040,-0.0083,-0.0046,-0.0021, 0.0077,-0.0048,-0.0101,-0.0037,-0.0035,-0.0076,-0.0064,-0.0050,-0.0008,-0.0086,-0.0201,-0.0030,-0.0050,-0.0063,-0.0152,-0.0038, 0.0072, 0.0038,-0.0025, 0.1042,-0.0045,-0.0090,-0.0184,-0.0057,-0.0078, 0.1021, 0.0167,-0.0068,-0.0008,-0.0069
PC3,-0.0079,-0.0603, 0.0201, 0.0125,-0.0049,-0.0079, 0.0189, 0.0055,-0.0018,-0.0847, 0.0048, 0.0310, 0.0328, 0.0225, 0.0166, 0.0197, 0.0159, 0.0065, 0.0081, 0.0141, 0.0083, 0.0310, 0.0084,-0.0017,-0.0003,-0.0076, 0.0052, 0.0019, 0.0142, 0.0222, 0.0170, 0.0169, 0.0114, 0.0082, 0.0119,-0.0005,-0.0031,-0.0697,-0.0278,-0.0198, 0.0219, 0.0049, 0.0006,-0.0183, 0.0304, 0.0140, 0.0058, 0.0071, 0.0179,-0.0025, 0.0172,-0.0050,-0.0053, 0.0135, 0.0025, 0.0183,-0.1056, 0.0019, 0.0154, 0.0064, 0.0143,-0.0038,-0.0033, 0.0159, 0.0234, 0.0003, 0.0168, 0.0094, 0.0093, 0.0237,-0.0039, 0.0394, 0.0060, 0.0284,-0.0349, 0.0067, 0.0049, 0.0083, 0.0158, 0.0256,-0.0015, 0.0040, 0.0287, 0.0402, 0.0167,-0.1092,-0.0019, 0.0189, 0.0023,-0.0043, 0.0115,-0.0017, 0.0158, 0.0176,-0.0078, 0.0035, 0.0266, 0.0298, 0.0095, 0.0132,-0.0013,-0.0026, 0.0151,-0.0046, 0.0223, 0.0054,-0.0300, 0.0114, 0.0024,-0.0007, 0.0074,-0.0055, 0.0172,-0.0041,-0.0096,-0.0122,-0.0013, 0.0311, 0.0101,-0.0046,-0.0324, 0.0233, 0.0145, 0.0069, 0.0173,-0.0041,-0.0057, 0.0034,-0.0017,-0.0038,-0.0059, 0.0277, 0.0098, 0.0107, 0.0226, 0.0188, 0.0141, 0.0133, 0.0011, 0.0187, 0.0040,-0.0058, 0.0095, 0.0004, 0.0225,-0.0675, 0.0115, 0.0219,-0.0091, 0.0191, 0.0012, 0.0304, 0.0022,-0.0068, 0.0128, 0.0125, 0.0035, 0.0184,-0.0004, 0.0070,-0.0091, 0.0110,-0.0054,-0.0029, 0.0081,-0.0016, 0.0145,-0.0025,-0.0058, 0.0137, 0.0039, 0.0152, 0.0276, 0.0151, 0.0141, 0.0215, 0.0112, 0.0128, 0.0202, 0.0217,-0.0018, 0.0048, 0.0101, 0.0119, 0.0203,-0.0640,-0.0220, 0.0371, 0.0031, 0.0310, 0.0102, 0.0368, 0.0066, 0.0041, 0.0186, 0.0026,-0.0120,-0.0672,-0.1155,-0.0055, 0.0016, 0.0316,-0.0038, 0.0185, 0.0256,-0.0124,-0.0695, 0.0144, 0.0051, 0.0197, 0.0002, 0.0152, 0.0096, 0.0032,-0.1670,-0.1116, 0.0030,-0.0740, 0.0061, 0.0229, 0.0000, 0.0012,-0.0068, 0.0039,-0.0151,-0.0161, 0.0099, 0.0400
InferredCov1,0.0142736434936523,-0.0122567806392908,0.0239538718014956,-0.000614205317106098,-0.000653358059935272,-0.101634591817856,0.00906506273895502,-0.00765144778415561,0.00617721537128091,-0.0798722729086876,0.0438550934195518,0.0355938673019409,0.0504361540079117,0.0364338532090187,0.0539180561900139,0.000267130846623331,-0.0027712679002434,-0.019354784861207,-0.0236977525055408,-0.00638039642944932,0.0447818860411644,0.0355938673019409,-0.0236001946032047,0.00461982889100909,-0.0190736427903175,0.0538287200033665,0.0269952565431595,-0.000909900583792478,0.0119132874533534,-0.028216514736414,-0.0885458216071129,-0.0316794849932194,-0.0110830785706639,-0.0228032469749451,0.0422538369894028,-0.0412457585334778,0.0450680814683437,0.00676836119964719,-0.0469879060983658,0.0121317245066166,-0.0285702738910913,0.00582064082846045,-0.00097884435672313,0.00911152921617031,0.0149118276312947,-0.0696801319718361,0.00959052890539169,0.0228243563324213,0.0556347668170929,0.0349675863981247,-0.0309787336736917,0.0211498569697142,0.0306206233799458,-0.0130567103624344,-0.0282782558351755,-0.0840036049485207,0.00734371924772859,0.00441901478916407,-0.0557942055165768,0.0262611750513315,0.0372376553714275,-0.0161372479051352,-0.07537891715765,-0.0923733785748482,0.00370817864313722,-0.0979134440422058,0.0404452830553055,0.00704892305657268,-0.014230172149837,-0.00784659292548895,-0.00912402663379908,0.0286658555269241,-0.0250237751752138,-0.0970622673630714,-0.00502261100336909,-0.00169346551410854,0.0328041426837444,-0.0269139017909765,0.0222401041537523,-0.0834145173430443,0.017858449369669,0.0555049367249012,-0.00333787431009114,0.00516164535656571,0.0275543443858624,0.0460262261331081,0.0265989806503057,-0.00685698492452502,-0.0168401077389717,0.0192470215260983,0.0351582430303097,0.0302605871111155,0.0386559031903744,-0.00211905501782894,0.0600037574768066,-0.092499315738678,9.86456871032715e-05,-0.0882260501384735,-0.103258043527603,0.00425846129655838,0.0220745224505663,0.00665030488744378,0.0104664638638496,0.0243551377207041,0.0310594066977501,0.0149674490094185,0.0434333086013794,0.0250749588012695,-0.0615131407976151,-0.0543881691992283,-0.000847152492497116,-0.109044447541237,-0.00147074530832469,0.00995119195431471,0.0145186521112919,-0.0122810713946819,0.0158087406307459,0.0100588342174888,0.0533315092325211,0.0170204658061266,0.024232154712081,-0.0581584274768829,0.0198346711695194,-0.0187489669770002,0.059422317892313,0.0230806153267622,-0.0601115077733994,0.0125842997804284,0.0302605871111155,-0.118058905005455,-0.00620861351490021,-0.0306136533617973,-0.0486275404691696,0.0412547700107098,0.0368221327662468,-0.00106210703961551,0.0139728952199221,-0.00598942209035158,0.0234506763517857,0.0569110214710236,0.0111026931554079,0.0649602860212326,0.0184357333928347,0.0343907326459885,0.0517491921782494,-0.00891997944563627,0.0593006052076817,-0.0115210451185703,-0.0162898767739534,0.0149387586861849,0.0121688852086663,-0.0944131016731262,0.0439297221601009,0.0128570534288883,-0.00583140458911657,0.00604660762473941,-0.0055773900821805,-0.0751291960477829,0.0323333106935024,-0.019464673474431,0.040836438536644,-0.00622915150597692,0.0361752957105637,0.0166164953261614,0.0833703204989433,0.0297503210604191,0.00959343090653419,-0.0052088531665504,0.0689640194177628,0.00509070651605725,-0.0755726918578148,0.0356508828699589,0.0228748861700296,-0.0635069012641907,0.0024148456286639,-0.0262030120939016,0.0505466125905514,0.000144273581099696,0.0301587358117104,-0.00709740025922656,0.00448946002870798,0.015000119805336,-0.0033650326076895,0.00425854464992881,-0.037534661591053,0.0075369025580585,0.00195808033458889,-0.0723929479718208,0.0354563891887665,-0.0547148361802101,-0.0754422172904015,-0.00671899830922484,0.0171402394771576,0.0453753210604191,-0.00946535915136337,-0.0187013056129217,0.0111876344308257,0.00728500401601195,-0.00276869093067944,0.0341321416199207,0.0167200565338135,0.0252058543264866,0.024054141715169,-0.00563256535679102,-0.0105996821075678,0.0143570955842733,0.018404446542263,0.00173495477065444,-0.0663962215185165,-0.0150280520319939,0.0167450718581676,-0.00248623522929847,-0.00286587094888091,0.0236876886337996,0.053950984030962,0.0229310486465693,-0.0329961255192757,0.0309310238808393,-0.0434138365089893,-0.000479451584396884,-0.0393212027847767,0.00749969109892845,0.0613722018897533,0.0232154782861471,0.0384265147149563,0.016847325488925,-0.0106825437396765,-0.00072002416709438
InferredCov2,0.0220395997166634,0.0175681542605162,0.0361513867974281,0.0689854547381401,0.0458750426769257,-0.00562610337510705,-0.00542854238301516,-0.0534508898854256,-0.00483372621238232,-0.0662587657570839,0.0511615239083767,0.00585336331278086,-0.0305517613887787,-0.0159342475235462,-0.0288896560668945,-0.00219162879511714,-0.0166496783494949,-0.00736750895157456,-0.012147719040513,0.0206697974354029,0.00786489341408014,0.00585336331278086,-0.0427785404026508,0.0534671768546104,0.0276121292263269,-0.0428849086165428,0.0194772891700268,-0.0100460788235068,-0.0363680720329285,0.0842006728053093,-0.0667841508984566,-0.0187573451548815,0.0381010472774506,0.00840341299772263,0.00115839473437518,0.114586278796196,-0.0180932749062777,0.0128821255639195,-0.0368210971355438,0.0932701006531715,0.0422272495925426,0.0669757053256035,0.0522387251257896,-0.00156685372348875,-0.0237262826412916,0.0525005459785461,0.00517871277406812,0.0210798271000385,-0.0490437634289265,-0.0451750792562962,-0.0605062544345856,-0.00425534741953015,-0.070461630821228,0.04653200507164,0.0251601152122021,-0.0294367074966431,0.0164009910076857,-0.029055941849947,0.00668894732370973,-0.0678008645772934,-0.0272463336586952,0.00679042423143983,0.0139333419501781,-0.0342297032475471,-0.0916260629892349,0.0106263533234596,-0.0569107197225094,-0.0163367763161659,0.00821509025990963,-0.013911385089159,0.0334216058254242,-0.0319458097219467,0.0931878536939621,-0.00687263254076242,-0.0177665203809738,0.0380528382956982,-0.0154118975624442,-0.0626893863081932,0.0141218462958932,-0.0225377455353737,0.0218792278319597,0.0223840214312077,0.0298101436346769,-0.031242024153471,0.000829810509458184,0.0139201898127794,0.00817452277988195,0.124497786164284,-0.00197049253620207,-0.0243054330348969,-0.0420539900660515,-0.0815225839614868,0.0377884618937969,0.0059399870224297,-0.0571418032050133,-0.0555291809141636,0.0115418210625648,-0.0430456548929214,-0.0567654557526112,-0.0295305904000998,0.00248685316182673,-0.0144782206043601,0.0999445021152496,-0.000785973097663373,0.0281443130224943,-0.0176415853202343,-0.0217902828007936,-0.0224492587149143,-0.0720680803060532,-0.000421301752794534,0.00292048370465636,-0.0100956531241536,0.0743096247315407,-0.0758781954646111,-0.00533722015097737,0.0425001084804535,0.0746710896492004,0.0483903847634792,-0.0854253247380257,0.030365776270628,-0.0932530537247658,-0.0271643437445164,-0.0170617084950209,0.0160658825188875,-0.0783872082829475,0.0712823569774628,-0.0646590664982796,-0.032261785119772,-0.0815225839614868,0.00420729862526059,0.0478138662874699,0.106842346489429,0.000279571424471214,-0.0521196313202381,-0.0180831514298916,0.0406371839344501,0.0315452478826046,0.0192656889557838,-0.00932854413986206,-0.0504781119525433,0.017798887565732,0.0106654269620776,-0.0589925795793533,0.0429607219994068,-0.0773081406950951,0.0836940705776215,5.15697684022598e-05,-0.0451606549322605,0.0840239226818085,0.0503892153501511,0.0534302443265915,-0.0389020927250385,-0.0388602837920189,-0.0111340712755919,0.0957520827651024,0.00303596723824739,0.0396790839731693,-0.00274684745818377,-0.0941174849867821,-0.0550927072763443,0.0220475122332573,0.0194528810679913,-0.00210020621307194,-0.0125587126240134,0.0300504378974438,0.0396058559417725,-0.0244395080953836,0.0776713192462921,-0.0668405815958977,-0.0580711029469967,-0.0229823105037212,0.0205314196646214,-0.0122951781377196,0.00762996776029468,0.00992097984999418,0.0751339644193649,-0.0401325076818466,-0.0479802004992962,0.0278254598379135,-0.0110151432454586,0.0224136859178543,-0.0351103693246841,0.0208694394677877,0.0190709549933672,-0.046111635863781,-0.00878074578940868,0.0311525482684374,-0.0474088005721569,0.011282853782177,-0.0319449603557587,-0.0329122878611088,0.01319610606879,-0.0139497583732009,0.0658217445015907,0.0844066143035889,0.0475463010370731,0.0316822938621044,0.0476644225418568,-0.033050075173378,-0.0636778324842453,-0.0327388271689415,0.0215710122138262,-0.0783238336443901,-0.0213876031339169,0.05679876729846,0.0324549563229084,0.0855460241436958,-0.053619921207428,-0.0506680831313133,0.0253177639096975,0.0230550747364759,0.0282242074608803,-0.0513766184449196,0.0120883546769619,-0.0529085919260979,-0.0693540126085281,0.0793695449829102,0.0248512011021376,-0.0594104416668415,-0.0373894274234772,0.0417070686817169,-0.0605285093188286,0.0598285757005215,0.0329283475875854,0.0296519082039595,0.0212932471185923,0.0152464462444186,-0.0344231501221657
InferredCov3,-0.0691100507974625,-0.0393544659018517,-0.0687145888805389,-0.00171946932096034,-0.0133873056620359,-0.00678580347448587,0.0360319241881371,-0.00192086421884596,-0.0338330343365669,-0.00406512292101979,-0.0308235045522451,0.00968031492084265,-0.00963136740028858,-0.0440139845013618,-0.0612316355109215,-0.125682756304741,0.0226696133613586,-0.00248608039692044,-0.0351985543966293,0.0167859364300966,-0.0160559583455324,0.00968031492084265,-0.0480912923812866,-0.0291055552661419,-0.0189175941050053,-0.141024887561798,-0.00449857488274574,0.0640050396323204,-0.0971332490444183,0.0783169269561768,0.0373088344931602,-0.0148481484502554,0.0168913379311562,-0.0300648845732212,-0.128738537430763,0.0288268309086561,-0.0959003046154976,0.0373231843113899,-0.0236469861119986,0.0099484845995903,-0.0198992621153593,0.0207499172538519,0.0212983228266239,0.0330259203910828,0.0998176336288452,0.00633817631751299,-0.0439341738820076,0.050002183765173,0.0597924888134003,0.0373018831014633,-0.0530049093067646,0.0131939826533198,-0.0379866659641266,-0.101221583783627,-0.0117467893287539,-0.0429831556975842,0.0252836067229509,0.06630839407444,0.0665389895439148,0.0044324086047709,0.0066790278069675,0.0718485191464424,-0.0592146031558514,0.0584764704108238,-0.0156484991312027,-0.0863655433058739,-0.0621865950524807,0.0723832249641418,0.10422732681036,-0.0159010328352451,-0.0243896059691906,0.0377925485372543,0.0361227579414845,0.0484416931867599,0.0486983768641949,0.0239993147552013,0.031771082431078,-0.071999117732048,-0.0122169721871614,-0.0825210809707642,-0.0227656271308661,-0.0138958180323243,0.0639169737696648,0.0954071506857872,0.0474462956190109,-0.0775770246982574,0.0705987587571144,-0.0408220551908016,-0.0852860286831856,-0.00247657881118357,0.0935622528195381,-0.0688702538609505,-0.0169760808348656,-0.0525920242071152,-0.0746520534157753,0.0540156289935112,0.00687622837722301,0.036884605884552,0.0336612164974213,-0.0118055436760187,-0.0413735173642635,0.0126496953889728,0.00722190132364631,0.00766781950369477,-0.0566898621618748,0.081378772854805,0.0199547186493874,0.0045457617379725,-0.0364299491047859,-0.0634911507368088,0.00950755644589663,0.037543635815382,0.0111793326213956,0.062748908996582,0.0400774106383324,-0.00469189835712314,-0.0601377747952938,0.00281976442784071,0.0948194041848183,0.00781337358057499,0.0720531493425369,-0.0188008043915033,-0.0491877011954784,0.0362280085682869,-0.0631993040442467,0.0440996438264847,-0.0253495387732983,-0.101984158158302,-0.0688702538609505,0.0567032173275948,-0.0594262667000294,-0.02257464453578,-0.0457092672586441,-0.107815235853195,0.0464395768940449,-0.0456556417047977,0.052624024450779,-0.00926257204264402,-0.0953130200505257,0.0727497264742851,-0.0613018870353699,0.0684358403086662,0.0276752393692732,0.0150433462113142,0.0543713718652725,-0.0516481399536133,-0.0308017451316118,-0.00204421044327319,0.0120388362556696,0.0277266670018435,0.0726425051689148,0.0477258339524269,0.0538302883505821,0.0960099846124649,-0.0159092545509338,0.0416335240006447,0.010364861227572,0.0434443652629852,-0.0380384288728237,0.00362677243538201,0.0411449819803238,-0.0423682555556297,0.0625113695859909,0.0287977028638124,-0.0758539438247681,-0.0276834852993488,0.0545758232474327,0.0322976559400558,0.0505369380116463,-0.0374166592955589,0.0328563861548901,0.0499187745153904,-0.0027531492523849,-0.0811472088098526,-0.00971097405999899,0.0174042712897062,-0.0477535016834736,0.0326003059744835,0.0617344900965691,0.0277128852903843,-0.0266388449817896,-0.0627394840121269,0.0612380839884281,0.0360559299588203,-0.0204621870070696,0.0473394803702831,-0.00027389032766223,-0.0578969344496727,-0.0696750581264496,-0.0134510779753327,-0.0744354948401451,0.0141940554603934,0.0856913775205612,-0.0871238112449646,0.0849304050207138,-0.0593686960637569,0.0302790030837059,0.0475003980100155,0.0286566205322742,0.0178842414170504,0.0554609373211861,0.00402912683784962,-0.0376213453710079,0.0461889505386353,0.029279638081789,-0.0420709513127804,0.0677992403507233,0.0335003025829792,0.0161735676229,-0.0295239295810461,0.0561528392136097,-0.0322055220603943,-0.0144089097157121,-0.0576524809002876,0.0794397443532944,-0.0185124110430479,-0.00310437893494964,0.0610758066177368,-0.0460234992206097,-0.00786748714745045,-0.0545571893453598,0.0883686020970345,-0.0419737659394741,0.0269878208637238,0.00536444131284952,0.042191170156002,-0.0266081523150206,-0.0830303132534027
InferredCov4,0.0450008437037468,-0.0331751182675362,0.0685620531439781,-0.0205129496753216,0.0279235113412142,-0.0237401612102985,0.000928413530346006,-0.000591776624787599,0.0511063598096371,-0.00238101906143129,0.0417501665651798,-0.0683613792061806,-0.000248818076215684,0.0142488284036517,0.0862739756703377,-0.0339673347771168,0.0429568998515606,0.0914366021752357,-0.0509544014930725,-0.0156878381967545,0.0523655787110329,-0.0683613792061806,0.0113288201391697,-0.0342958942055702,-0.0577709451317787,-0.0273925624787807,0.0228911619633436,0.0666905418038368,-0.00708600599318743,-0.0124595453962684,-0.0488967783749104,-0.00835146196186543,0.0736615583300591,0.0203900001943111,-0.016792481765151,-0.0360013917088509,-0.0719919353723526,0.0898808166384697,0.0431190505623817,0.00904765632003546,-0.094016931951046,-0.0130638917908072,-0.0384430140256882,0.0773425623774529,0.00821640808135271,0.0291265565901995,-0.0593080408871174,0.051143404096365,0.0173662547022104,-0.0549221411347389,-0.0588152557611465,0.0240911841392517,-0.0376276187598705,-0.0391669645905495,0.037332508713007,0.0260436907410622,0.017852446064353,-0.00267783622257411,0.00715835439041257,0.0268857777118683,-0.0952638238668442,0.00584079045802355,0.0347282998263836,-0.0030503727030009,-0.0440189205110073,0.0536024756729603,-0.013482416048646,-0.0631443187594414,-0.0126977702602744,0.0306860320270061,0.021002896130085,0.00911105796694756,0.0400850288569927,-0.0440024919807911,0.0873858854174614,0.0431987792253494,0.0687693580985069,-0.0126391453668475,-0.0664493814110756,0.0267217624932528,0.03205731138587,-0.064347967505455,-0.047322578728199,0.0212094224989414,0.0725156664848328,-0.0900344327092171,-0.023729657754302,0.0139836249873042,0.0119599020108581,0.0817244723439217,0.0396781899034977,-0.0267833266407251,-0.0216316115111113,-0.0812201276421547,-0.0829029902815819,-0.109895020723343,0.00775552354753017,-0.0747255906462669,-0.0275298729538918,0.0866886079311371,-0.115618161857128,0.0369873382151127,-0.0886823013424873,0.00983394961804152,-0.110627889633179,0.009436528198421,0.0325672626495361,-0.00355887482874095,0.00237237568944693,-0.0090962927788496,0.0765024051070213,-0.0366961695253849,-0.0694236308336258,0.0385172814130783,0.0484515391290188,0.0551478937268257,0.0381986014544964,-0.00507403910160065,0.000850946409627795,-0.0237772986292839,0.0301378387957811,-0.0216025039553642,-0.0622164122760296,0.0224013607949018,-0.0307232588529587,-0.0145020522177219,-0.016018183901906,0.0747008472681046,-0.0267833266407251,-0.0470924973487854,0.0612771809101105,0.0262362100183964,0.139628544449806,-0.0302305147051811,-0.0466878451406956,-0.0418734513223171,-0.00743076065555215,0.0168425906449556,-0.0214425045996904,0.0167490262538195,0.0769448801875114,-0.0359780341386795,-0.0823583379387856,-0.0325089916586876,0.00837542302906513,0.0411607101559639,-0.0131021281704307,0.0656553730368614,0.0358153730630875,0.00474211620166898,-0.0347763746976852,-0.0685323178768158,-0.025463480502367,-0.0969695597887039,0.0258400961756706,0.0609678402543068,-0.117851316928864,-0.0851060897111893,0.0322903655469418,0.104303106665611,-0.00436834199354053,-0.0344687514007092,-0.0320670939981937,0.0391648001968861,-0.0596480220556259,0.0327287465333939,0.0310687012970448,-0.0090905362740159,-0.0380803346633911,-0.00989215634763241,-0.0626257658004761,-0.0151522494852543,0.0315811410546303,0.0143181718885899,-0.00811405666172504,0.0661100968718529,-0.0570788942277431,0.0223969388753176,0.0153331588953733,0.0686941295862198,-0.0365838892757893,-0.00591893494129181,-0.013832550495863,-0.018390329554677,0.0180766601115465,0.0335337817668915,0.0629974156618118,0.0306688137352467,0.0768308341503143,0.0895222127437592,0.0170699581503868,-0.159910097718239,-0.00125230348203331,-0.0487260036170483,-0.0457408539950848,0.0463891848921776,-0.0273412298411131,-0.0375524424016476,-0.0108532616868615,0.0555422827601433,0.0615190044045448,0.0234675202518702,-0.0378821901977062,0.0146182738244534,0.0300231371074915,0.0494994148612022,-0.00536095630377531,0.058641716837883,-0.0458244048058987,-0.0346327237784863,-0.0508808456361294,-0.1138955950737,0.0227206684648991,0.0721211209893227,-0.002796511631459,0.0323144383728504,0.0562392137944698,-0.00557864271104336,0.052215963602066,-0.148361638188362,-0.0392992720007896,0.0305280797183514,-0.00252936268225312,0.0170610435307026,0.002572868950665,-0.00294657074846327,0.171287044882774,-0.00495786033570766
InferredCov5,-0.0222665965557098,-0.0393275879323483,0.00805738288909197,0.00365727324970067,-0.00104921485763043,0.00187480391468853,-0.0281835030764341,-0.0492282584309578,0.0658601820468903,0.0508565120398998,0.0192047376185656,0.0547093600034714,0.0674700736999512,0.0566347651183605,0.0565517768263817,0.0127000575885177,-0.116906672716141,-0.056216511875391,0.126319065690041,-0.0318904891610146,-0.0147727336734533,0.0547093600034714,-0.0992896631360054,-0.0241335351020098,0.00989335961639881,0.0336565561592579,0.0650899335741997,-0.0969207063317299,0.0812817215919495,-0.00823049433529377,0.0277374163269997,-0.0159999784082174,0.0103124193847179,-0.100877813994884,-0.0159645099192858,0.0193638596683741,-0.0115580279380083,-0.00528681417927146,-0.0215230509638786,0.040438961237669,-0.0547657757997513,-0.00675072055310011,0.0476355589926243,-0.016207080334425,-0.033990390598774,0.125196114182472,-0.0608884356915951,0.0742112398147583,0.0334532745182514,0.000851955148391426,0.027050981298089,-0.0585289523005486,-0.0323750898241997,0.0124085815623403,-0.0282677002251148,0.0738916397094727,-0.0264659225940704,-0.0379321277141571,-0.064508244395256,0.0435962304472923,-0.0367586687207222,0.00948057975620031,0.0568708069622517,0.0408883392810822,0.0029892569873482,0.00042187242070213,-0.0413863845169544,0.0444257967174053,-0.0721029490232468,0.0642811506986618,-0.0726912319660187,0.0191198065876961,-0.00461189541965723,-0.0577897690236568,0.00294838775880635,-0.00109028059523553,0.0379416272044182,-0.0843457952141762,0.0230094213038683,0.00900890398770571,-0.00967744924128056,0.00481250276789069,-0.0668484345078468,0.0454446338117123,0.0502834245562553,0.039933692663908,-0.0687594339251518,0.0248155333101749,-0.058640368282795,-0.00238278438337147,0.00345968105830252,-0.0356151275336742,0.0333277694880962,-0.0920423045754433,-0.0601331181824207,0.00314196175895631,0.0637950301170349,-0.000412764609791338,0.0361123122274876,0.0242652539163828,0.0247560068964958,-0.0561021938920021,-0.049717228859663,0.0346939265727997,-0.0709569081664085,0.0259027760475874,-0.00982115603983402,-0.027089474722743,0.0216247737407684,-0.0147191528230906,-0.0541509613394737,0.0587282441556454,-0.00161027698777616,-0.0035708739887923,0.0290867872536182,-0.058403592556715,-0.0688533410429955,-0.0439143441617489,-0.0720402076840401,0.0183210242539644,0.0268258880823851,-0.0106108346953988,-0.0242129303514957,-0.0149349505081773,-0.0461652353405952,-0.0313788652420044,-0.0698907226324081,0.0794241353869438,-0.0356151275336742,0.0126096354797482,0.037169337272644,0.0279169455170631,-0.136407479643822,-0.0814884975552559,0.0062027876265347,0.00930193439126015,0.012251210398972,-0.00866493675857782,0.0230345670133829,-0.0453859530389309,-0.100315153598785,-0.0093263816088438,0.091142363846302,0.0678507089614868,0.0398922450840473,0.00360491126775742,0.000623712665401399,0.00563910976052284,0.0521447323262691,-0.011050314642489,0.0560774207115173,0.0310358945280313,0.0599126890301704,0.0270406864583492,-0.0649286583065987,-0.0312017761170864,-0.0435824505984783,0.0685211792588234,0.0360777080059052,-0.0760657787322998,0.0427145212888718,0.0339984707534313,-0.0899868384003639,0.0273592621088028,0.0354081057012081,-0.011699590831995,-0.0267823841422796,0.0700736716389656,0.0474936701357365,0.0255515202879906,-0.0262186322361231,0.00892522744834423,0.0959072336554527,0.0299108754843473,0.0306553952395916,0.0189098231494427,0.080799974501133,-0.0294994618743658,-0.0592235177755356,-0.0327634252607822,0.0495338812470436,0.0730758383870125,-0.0894759371876717,0.0242952033877373,0.0532001107931137,0.0359259322285652,0.0501608960330486,0.0763743370771408,-0.0290692038834095,0.0466982312500477,0.00612373929470778,0.0442548617720604,0.0338757149875164,-0.0666006058454514,-0.0073934979736805,0.0574104264378548,-0.0583305507898331,-0.0273932237178087,0.0103711942210793,0.0229433309286833,-0.0397312305867672,0.0888126567006111,0.0323876142501831,-0.0122638465836644,0.054171621799469,0.0525328740477562,0.0423303134739399,0.0158711224794388,-0.047114972025156,-0.064210057258606,-0.0443884059786797,-0.0280350614339113,-0.090111255645752,0.0648460537195206,0.0636443942785263,-0.0118789235129952,-0.040920801460743,0.0791506171226501,-0.058892510831356,-0.094291478395462,0.0230589024722576,-0.0429074391722679,0.000437346519902349,-0.0659252181649208,-0.0363800823688507,0.036578930914402,-0.0229583792388439,-0.0204942543059587
InferredCov6,0.0211215615272522,-0.0570374988019466,-0.0623071491718292,0.0107464771717787,0.0550576262176037,-0.00761784194037318,0.0149537660181522,0.0403858758509159,0.0769255012273788,-0.0121197672560811,-0.00891431607306004,-0.0109904259443283,-0.03792629763484,-0.0727605447173119,-0.0403190404176712,0.0671559348702431,0.0638022124767303,0.0200598668307066,-0.011955033056438,0.0593466050922871,0.0970474183559418,-0.0109904259443283,-0.0535147748887539,-0.0482577346265316,0.0708740651607513,-0.0180688630789518,0.0598714426159859,-0.0131529429927468,0.0415174700319767,-0.0929870754480362,-0.00117051822599024,-0.085818313062191,0.0112659251317382,-0.0129976123571396,-0.0449889712035656,0.0609349347651005,0.00186088716145605,-0.0228470247238874,-0.0826166868209839,0.0303561631590128,-0.0511612556874752,0.0901403427124023,-0.0119602177292109,0.0385221131145954,0.0105403130874038,-0.1643076390028,-0.0446328893303871,-0.0108835930004716,0.0136295547708869,-0.00140685576479882,-0.0054442803375423,0.0494325049221516,-0.048671793192625,-0.0221834182739258,0.0103091318160295,0.0616683959960938,-0.0952109768986702,0.0362628996372223,0.0637795031070709,0.0380717851221561,-0.0768790990114212,0.00980989914387465,-0.0441060215234756,0.0877493098378181,0.00136056274641305,-0.0561286248266697,-0.151619628071785,-0.0134617546573281,-0.0159524865448475,0.0682439208030701,0.00154952285811305,-0.0351378507912159,-0.122312903404236,0.0337590388953686,-0.0463850796222687,-0.0124676646664739,0.00253333710134029,0.0171482302248478,0.0295710396021605,-0.0188849233090878,-0.0339887253940105,-0.0337693318724632,-0.0811226367950439,-0.0333625786006451,0.0522948950529099,-0.0748085901141167,-0.0254181120544672,0.0162655729800463,-0.0124462833628058,0.0348634272813797,-0.0708912760019302,0.0269669089466333,0.0223068092018366,-0.0174868926405907,0.0227768365293741,0.0682322606444359,0.0661375224590302,0.0150706265121698,-0.0772167295217514,0.0396994948387146,0.208098635077477,0.0526880323886871,0.000154157285578549,0.021038606762886,0.0656290948390961,0.0242063831537962,0.0367904305458069,-0.0573969557881355,0.062610350549221,0.0318074226379395,0.0314864777028561,-0.0358967296779156,0.0103805111721158,-0.0114032309502363,0.0122492322698236,0.002504738047719,-0.0668320655822754,0.0241931043565273,-0.017828781157732,0.0246719662100077,0.00745316129177809,0.022404883056879,0.0314558297395706,0.0153093179687858,-0.0778113380074501,-0.00136605172883719,-0.0268762819468975,0.0600545555353165,0.0269669089466333,-0.0975185036659241,0.00837983656674623,0.0478955879807472,0.0309616066515446,-0.0978567078709602,0.0345599241554737,0.0193534530699253,0.119755268096924,-0.00752011127769947,0.0162271205335855,0.0833145529031754,-0.059644989669323,0.0423895306885242,0.128076836466789,-0.0172337163239717,0.0195767339318991,0.096047580242157,-0.0511558800935745,0.028472688049078,-0.0306349266320467,-0.0477146469056606,-0.0112871853634715,-0.0285383723676205,0.0186017155647278,0.0142039582133293,0.0258431248366833,-0.0204258617013693,-0.100659087300301,-0.0888213142752647,-0.0147370966151357,-0.0498263388872147,0.00939648132771254,-0.0274012610316277,-0.051401175558567,-0.0269297659397125,-0.0843198001384735,-0.0360796563327312,0.0275113340467215,0.019700700417161,-0.0702096521854401,0.0529787577688694,-0.0810307636857033,0.0192459337413311,0.0568640045821667,0.0303284041583538,0.0320415385067463,-0.00719613907858729,-0.0209752712398767,0.0569553561508656,0.0383743159472942,0.0491106882691383,-0.065466433763504,-0.0335782915353775,0.0499274060130119,0.0377958193421364,-0.0357596166431904,0.0087863290682435,-0.0182578396052122,-0.0756442099809647,0.00337541662156582,-0.0621545538306236,0.0293278694152832,0.0215452387928963,0.0507617071270943,0.0128370514139533,0.0187420155853033,0.0719653069972992,-0.098816379904747,0.0154792089015245,0.0458327829837799,-0.0508940257132053,0.0383327826857567,-0.0457986928522587,-0.030222674831748,-0.0218772832304239,-0.0152417430654168,-0.0586556419730186,-0.0870277136564255,0.0168905239552259,0.032135121524334,0.0698862820863724,-0.0628106296062469,0.0618024989962578,0.0335817262530327,0.0308172665536404,-0.0569600388407707,-0.0313168466091156,0.0203072503209114,-0.0439748391509056,0.0753606483340263,0.0525081232190132,0.0591453351080418,-0.0206671208143234,0.0438237600028515,-0.0603797473013401,-0.0299435369670391,-0.0132020907476544,-0.0177241675555706,0.0366977117955685
InferredCov7,0.0709466114640236,-0.0781704634428024,0.0422216206789017,-0.100568100810051,-0.0330999791622162,-0.000229013472562656,0.0228848587721586,-0.0733304470777512,-0.076582595705986,0.0262023955583572,0.0269167479127645,0.00421876972541213,-0.0343016125261784,-0.0733051970601082,0.105365805327892,-0.0970333069562912,0.0709840804338455,-0.0826835408806801,0.0622184947133064,-0.0360612161457539,-0.0758045390248299,0.00421876972541213,-0.0459508188068867,0.0219660624861717,-0.124248638749123,0.107364483177662,0.0329109765589237,-0.0442940481007099,-0.130283907055855,-0.0176898334175348,0.0916129425168037,-0.0396870747208595,-0.0312559977173805,0.0527672469615936,0.0686322972178459,0.0728956684470177,0.0888960659503937,-0.0227417014539242,0.0591814070940018,0.0585734695196152,0.0743497237563133,-0.00767268193885684,-0.00287494109943509,0.0701121017336845,-0.0236915182322264,0.0599371045827866,-0.0312796086072922,-0.0041682799346745,0.0219774954020977,-0.0169735103845596,0.106353759765625,0.0814486518502235,0.0522433184087276,-0.055087722837925,-0.0478290095925331,0.0724623799324036,-0.0784471780061722,-0.0399339869618416,-0.0743796899914742,0.0541233010590076,-0.0716287940740585,-0.0156260784715414,-0.0319053158164024,0.0544410794973373,0.0596806071698666,-0.0519387573003769,-0.0262903477996588,0.0256281606853008,-0.00442910101264715,-0.0517649091780186,0.0514236837625504,-0.0411892309784889,0.00454532913863659,0.0357146933674812,0.0018527798820287,-0.0502277165651321,0.0193561799824238,-0.0558437593281269,0.0291437488049269,-0.0171549376100302,-0.0320576019585133,-0.115661412477493,-0.0600831434130669,-0.0634574890136719,0.122529834508896,-0.0148380007594824,-0.0954272598028183,0.0076468987390399,-0.0793453007936478,-0.0186053905636072,0.0146207436919212,-0.0241272300481796,0.0467374362051487,-0.0314241386950016,0.114221267402172,0.0263623595237732,0.000484251620946452,0.0514654479920864,0.0569875612854958,-0.018023919314146,-0.0730518102645874,0.00119315390475094,0.0753983706235886,0.0690139681100845,0.0313641540706158,0.0459669679403305,0.0715953633189201,-0.136529073119164,-0.0989076271653175,-0.014367020688951,-0.0149619309231639,0.0154418582096696,-0.0361015498638153,-0.0575283206999302,0.0044936565682292,0.0368775278329849,0.0682961046695709,0.00332350702956319,0.0402086190879345,-0.0256081260740757,-0.0517314039170742,0.116102702915668,-0.0349527336657047,-0.0431023426353931,-0.0168603286147118,-0.0613876469433308,0.0891606137156487,0.0400653481483459,-0.0241272300481796,0.0786033943295479,0.0573712252080441,0.00446013920009136,-0.0615244880318642,0.0338822603225708,-0.00739325070753694,0.00775767397135496,0.0630456954240799,0.0321604683995247,0.00258345203474164,0.0192087851464748,0.0700806677341461,0.0361805856227875,-0.0364105366170406,0.000667769403662533,-0.0367589965462685,0.000994002097286284,-0.0594043247401714,0.0713357105851173,0.0372534617781639,-0.0254316106438637,-0.00859062280505896,0.030069762840867,-0.0171162914484739,-0.0648387223482132,0.058146994560957,0.0141611555591226,-0.0192004051059484,0.0445637479424477,-0.0506242550909519,-0.103213772177696,0.013254851102829,-0.0323858559131622,0.0611721463501453,-0.0257589556276798,0.0318256504833698,0.0557688511908054,-0.0353442020714283,-0.0945896282792091,0.00178944622166455,-0.0248279180377722,0.0174795482307673,-0.0214761272072792,0.0184978861361742,-0.00990297924727201,0.0222906973212957,-0.0368931964039803,-0.00144579261541367,0.060420349240303,0.0222106501460075,-0.0325200334191322,-0.0884814709424973,0.0649241954088211,-0.0163717530667782,0.000907385547179729,0.00406533572822809,0.0787994489073753,0.0374284535646439,-0.103306882083416,0.0660063773393631,-0.0236068088561296,-0.057796735316515,-0.0489290207624435,0.0252208933234215,0.0253515485674143,0.0160472430288792,-0.0199898742139339,-0.0173709951341152,0.036970391869545,-0.0615566894412041,-0.0428239926695824,0.00637330720201135,-0.00406092498451471,0.0128473220393062,-0.0112293623387814,-0.0325576886534691,-0.0150865204632282,-0.0287357605993748,0.0520027801394463,0.0259350072592497,0.0660546347498894,-0.0121534438803792,-0.0143689746037126,0.0165880434215069,0.00140899058897048,0.0138972252607346,-0.0162873696535826,0.0146280601620674,0.0595809258520603,-0.0115172807127237,-0.00401190435513854,-0.0993404760956764,0.0215254612267017,0.0585232339799404,0.0207086093723774,0.0738415122032166,-0.0533973835408688,-0.0250697676092386,-0.0286845024675131
InferredCov8,0.0189553685486317,0.0632040649652481,-0.00648272223770618,0.0280849523842335,0.046879980713129,0.0584197230637074,-0.0950437635183334,-0.0308966878801584,-0.0440009161829948,0.0498112477362156,-0.0664655491709709,-0.0294484980404377,0.0096162399277091,-0.00454211514443159,0.0575171671807766,-0.0712799578905106,-0.0923024192452431,0.058887667953968,-0.1565762758255,0.0898349210619926,-0.0428758971393108,-0.0294484980404377,-0.0594560019671917,-0.0149181066080928,0.00627724407240748,0.0253940690308809,0.00661846389994025,-0.0214330926537514,-0.093416340649128,0.071364514529705,0.00396299315616488,-0.0767737999558449,0.00514451414346695,-0.0414486415684223,0.0768562331795692,0.016969557851553,-0.0711140185594559,-0.086521789431572,-0.0543136484920979,-0.00550084887072444,0.0427580028772354,-0.0285362377762794,-0.0328995771706104,0.000609202310442924,0.0281231533735991,-0.119399517774582,0.0768060460686684,0.00659929215908051,0.036153182387352,-0.00315324100665748,-0.031490508466959,-0.00927185546606779,-0.0125995585694909,0.0616587847471237,0.0199729297310114,-0.0945732593536377,0.0333046689629555,0.0458029806613922,0.0656056776642799,0.0822336673736572,-0.0156479850411415,0.0113399289548397,0.0310640074312687,-0.00517796911299229,0.0279206596314907,0.0358659997582436,0.0186429526656866,-0.172867298126221,0.117983542382717,-0.0752860233187675,0.0209269262850285,-0.0539323538541794,-0.0110303619876504,0.00375785049982369,0.0535945706069469,0.0139959612861276,0.0316630937159061,-0.010043490678072,0.0504267252981663,0.0762877464294434,-0.0648550391197205,0.0130232255905867,-0.0529274567961693,0.0332094132900238,0.0494710505008698,0.00162866921164095,0.037800807505846,0.0113662714138627,0.0390693321824074,-0.074978694319725,0.00236639031209052,0.0422448106110096,-0.0203082989901304,0.0748846828937531,-0.0233087372034788,-0.0276268366724253,0.106969483196735,0.0162320528179407,0.0488410852849483,0.0198864601552486,-0.0807899162173271,0.0891400501132011,-0.0258352812379599,0.0685585513710976,-0.0483598969876766,0.0430158898234367,-0.067737028002739,-0.0590770803391933,-0.133088767528534,0.0667513012886047,0.022721329703927,0.0109597481787205,0.0472463630139828,-0.0130236567929387,0.0377352125942707,-0.0317132249474525,-0.0029751886613667,0.0896370112895966,0.0432460494339466,-0.020790247246623,-0.028751328587532,-0.0949404463171959,0.00583160296082497,0.0865674540400505,0.00326755759306252,-0.0232552364468575,-0.0287245661020279,-0.0126109095290303,0.0422448106110096,0.0400766842067242,-0.0138436881825328,0.0198476370424032,-0.0590162798762321,0.023103978484869,0.0324099473655224,0.141726136207581,-0.0512519851326942,0.0175319574773312,0.0784057900309563,-0.0121458377689123,-0.0217643827199936,-0.0649473145604134,-0.0387260727584362,-0.0399716086685658,-0.0363659597933292,0.00362716475501657,-0.0311261136084795,0.0465717874467373,0.035481259226799,-0.0493509285151958,-0.0544187091290951,0.0323897488415241,0.00385800399817526,-0.0110050002112985,-0.0161846000701189,-0.105559825897217,-0.0849903896450996,-0.0881478190422058,-0.000160822848556563,-0.0296937935054302,0.0310719013214111,-0.000887506525032222,0.008013597689569,-0.00286870123818517,-0.0309586636722088,0.0483599156141281,-0.00611600559204817,0.00364512926898897,0.0248474143445492,0.0939717665314674,0.036156177520752,-0.0322474054992199,0.0399734862148762,-0.0715361982584,0.0503400899469852,0.0717708319425583,0.0121456617489457,0.0570808313786983,-0.190876767039299,-0.0174264926463366,-0.0341426953673363,0.0931150689721107,-0.0479719452559948,0.00623182533308864,-0.0619504787027836,0.0977437272667885,0.00116818305104971,-0.134318396449089,-0.0385013967752457,-0.0979348197579384,-0.0251109432429075,0.0476203374564648,0.074891597032547,-0.00205272808670998,-0.050861980766058,0.0222541708499193,0.0200846120715141,-0.096422091126442,0.0431938990950584,0.0151252401992679,-0.0139777278527617,-0.0094716576859355,0.110967978835106,0.0446289479732513,0.0966725572943687,0.0644980743527412,0.0699418038129807,-0.0214562211185694,0.0131130982190371,-0.0101417200639844,-0.0775608345866203,0.0268748756498098,-0.117012731730938,0.0278415307402611,0.0580351054668427,0.0170094892382622,-0.0143397469073534,-0.0421395376324654,0.0541155859827995,0.0416613593697548,0.0251914374530315,0.0190464165061712,-0.0908968970179558,-0.0638503879308701,0.0185349527746439,0.032746322453022,0.000303029781207442,0.0809417888522148
InferredCov9,0.0321182683110237,-0.023788683116436,0.138016268610954,-0.0886941403150558,-0.027891967445612,-0.113081067800522,-0.0297170989215374,-0.0833894163370132,0.0607018694281578,-0.104309760034084,-0.0536439083516598,-0.112642712891102,0.0795689448714256,-0.108488619327545,-0.0197305232286453,0.0326726026833057,-0.000673176604323089,0.0123568531125784,-0.0294017102569342,0.0378011912107468,-0.00247170822694898,-0.112642712891102,-0.0540851727128029,0.0297093763947487,-0.0155800143256783,0.022618368268013,-0.0431393645703793,-0.0162004344165325,0.0256859250366688,0.0697901695966721,-0.0790169909596443,0.00316613307222724,0.0128567768260837,0.0820637494325638,0.0302569195628166,-0.0546579547226429,-0.0215552318841219,-0.0674395486712456,0.0704880803823471,-0.0576532706618309,0.0246108714491129,-0.0167275611311197,-0.0680410340428352,0.0163790825754404,0.0324374921619892,0.155289098620415,-0.00384690682403743,0.0242028366774321,-0.00365481642074883,-0.0815323814749718,0.106682628393173,0.0362577736377716,-0.047822616994381,0.00303588365204632,0.0357380919158459,0.0507356896996498,-0.056321956217289,0.0784632936120033,0.097335509955883,-0.0544821843504906,-0.0239490568637848,-0.0387420170009136,0.0080712977796793,0.0372637622058392,-0.0063060219399631,-0.0941838026046753,-0.00795124378055334,-0.0266539752483368,-0.0413151495158672,0.0699233487248421,0.0339221432805061,-0.0330606289207935,0.0984653979539871,-0.0210775248706341,0.00325863994657993,-0.011320672929287,-0.0284123923629522,0.0174333062022924,-0.0875220149755478,-0.131086826324463,0.0781357139348984,-0.0783043578267097,-0.0195520520210266,0.118143409490585,-0.0742622390389442,-0.0366665609180927,0.000580720952711999,-0.0210727415978909,0.00842855684459209,-0.00172252696938813,-0.035715389996767,0.0782967135310173,0.0428220927715302,0.0124257039278746,0.0670192018151283,-0.0519751273095608,0.119366101920605,-0.0863846614956856,-0.0306648164987564,-0.0258810259401798,0.0302112195640802,0.0583848766982555,-0.0594163835048676,0.00535490782931447,0.0422064103186131,0.0250223763287067,-0.0203210320323706,-0.0239784494042397,-0.0182893648743629,-0.0977692455053329,-0.00173534161876887,0.0325747355818748,0.0639373362064362,0.0166597347706556,-0.0615024976432323,-0.0620481744408607,0.0492101423442364,0.0298071932047606,-0.0113557716831565,-0.038449227809906,0.0327911339700222,0.0235933288931847,-0.0277495849877596,-0.0231286603957415,-0.0151471346616745,0.000557867460884154,0.0295396205037832,-0.0682512000203133,0.0782967135310173,0.0126183442771435,-0.0160404462367296,0.00592708215117455,0.0118457330390811,0.0634213164448738,0.0332647822797298,-0.0805527865886688,0.00262575852684677,0.0733928233385086,-0.0367245003581047,0.0135067319497466,0.0413628071546555,-0.0685024708509445,0.159592717885971,-0.0169610101729631,0.0513741336762905,0.0695918798446655,-0.105713680386543,-0.0115664806216955,-0.0179010145366192,0.0548284985125065,0.0652876123785973,-0.0948965847492218,-0.00786268245428801,-0.00163322931621224,-0.0776058360934258,-0.113729670643806,-0.00391790689900517,0.11554392427206,-0.0462711080908775,0.0439911484718323,0.0205543711781502,0.0777712985873222,0.0275559592992067,-0.00632623210549355,-0.0217004176229239,-0.0106598204001784,-0.0218795519322157,0.0691197216510773,-0.0815689191222191,-0.0420921705663204,-0.056003499776125,0.0171225778758526,-0.0109636299312115,-0.090593658387661,0.0786826014518738,0.0180989485234022,-0.0726706981658936,0.0474260486662388,-0.101354368031025,-0.0215630996972322,-0.101507462561131,-0.0173878688365221,-0.0216023121029139,0.015573195181787,-0.0185105763375759,-0.0335763469338417,-0.00790104642510414,0.0486198514699936,0.0407205484807491,0.103060625493526,-0.0343974269926548,0.146901026368141,-0.0498967617750168,-0.040178295224905,-0.0505372360348701,-0.0432782880961895,0.0380993708968163,-0.08427794277668,0.0630670487880707,-0.0467275716364384,0.0150673286989331,0.0683650895953178,0.0136362863704562,0.108500741422176,0.00537379505112767,0.0580810718238354,-0.00127899402286857,-0.00750125059857965,0.0591417849063873,0.0603072308003902,0.0462183244526386,-0.0277447961270809,-0.0445381850004196,0.00789936725050211,0.0263855457305908,0.0511885322630405,-0.0483157560229301,0.00081968039739877,0.0369974970817566,0.0993837490677834,0.0373494476079941,-0.0133534260094166,0.000429991312557831,0.0271285176277161,0.0229883752763271,0.00551993772387505,-0.0396467745304108,0.0229811482131481
InferredCov10,-0.0773105546832085,0.031612254679203,0.0346430577337742,0.017082454636693,-0.039990458637476,0.00581161165609956,0.0483815334737301,-0.0473500713706017,-0.0447817668318748,0.130828469991684,0.0863760858774185,-0.0572508424520493,-0.117542177438736,0.0419973582029343,0.0151444980874658,0.0763828754425049,0.0248859040439129,-0.0267965607345104,-0.0498420745134354,-0.0609403289854527,0.026977090165019,-0.0572508424520493,-0.0329485312104225,0.0325698889791965,0.013797041028738,0.0796315893530846,0.0670035481452942,-0.0236936584115028,-0.0294930282980204,-0.0940184816718102,-0.0880235135555267,0.0190920773893595,0.0349681563675404,0.0731656104326248,-0.022225808352232,0.0405841059982777,-0.00312732765451074,0.0133707392960787,-0.138916522264481,-0.0271564740687609,-0.00381765840575099,0.00710549531504512,0.0375307165086269,-0.0184949729591608,-0.0100445952266455,-0.13821679353714,0.0414936728775501,-0.0256188716739416,-0.0372829549014568,-0.0507222712039948,-0.0587449595332146,0.0271566696465015,-0.0223583914339542,-0.0377332791686058,-0.049915935844183,0.0218742359429598,-0.04668939858675,-0.0112815443426371,-0.0490511134266853,-0.0397871881723404,-0.0413953103125095,0.0379263162612915,0.010451358743012,0.0878369882702827,0.063092477619648,0.0118139917030931,-0.00677136471495032,0.0941267758607864,-0.0142717491835356,0.0541298724710941,-0.000862501852679998,0.133976519107819,0.0307209044694901,0.0362857021391392,0.0194743014872074,0.00880627613514662,0.021537097170949,0.00662250630557537,-0.0418304018676281,-0.0108683574944735,0.0510167181491852,-0.081505112349987,0.0638883113861084,-0.0487281009554863,-0.0569132566452026,0.0567061342298985,-0.0015870874049142,0.0574138611555099,0.0929048731923103,0.019288482144475,0.061313521116972,0.016032449901104,0.0849260464310646,-0.0586169995367527,0.0136248366907239,0.0430263765156269,-0.0437097363173962,-0.000857715029269457,-0.0286729615181684,-0.00763341877609491,-0.0971810817718506,-0.101240709424019,-0.0471420809626579,-0.0214249677956104,-0.0367118343710899,0.0297950953245163,-0.0939024835824966,0.0215454529970884,0.0146329691633582,-0.0405065082013607,-0.0533171556890011,0.0624778680503368,0.049069982022047,0.00949342828243971,0.0634415447711945,0.0159964207559824,0.0721144899725914,-0.020107090473175,-0.0547562465071678,-0.0286953970789909,0.0120301451534033,0.0320534594357014,-0.00202168896794319,0.0507309287786484,-0.0359065048396587,-0.0553923845291138,-0.0805609300732613,-0.00163975369650871,0.016032449901104,-0.0169780943542719,-0.0309975612908602,-0.0888839215040207,-0.0493851900100708,0.0256272722035646,-0.110431231558323,-0.0207736380398273,-0.0233806446194649,0.0683783367276192,-0.0467830300331116,-0.0697603970766068,0.0350146107375622,-0.0367461927235126,-0.000508960976731032,0.161850184202194,0.072231262922287,-0.0661877766251564,-0.0951007753610611,0.0449006147682667,-0.0793129131197929,0.168461084365845,-0.00401080772280693,0.125679075717926,-0.0298885870724916,0.0676876530051231,0.0158393885940313,0.0423681363463402,-0.00507148681208491,-0.119301997125149,0.00806676968932152,0.0739079266786575,0.0259276833385229,-0.0488960444927216,0.0912920162081718,-0.0573650076985359,0.0330851376056671,0.0532578825950623,0.0320117510855198,0.0120696648955345,-0.0743026956915855,0.0162041895091534,-0.10613752156496,-0.106493480503559,0.0477004162967205,-0.114239513874054,0.0839374661445618,0.0198250990360975,0.0386120341718197,0.00308278226293623,0.035665437579155,-0.0415044724941254,-0.0790010392665863,0.0604743435978889,-0.0366609469056129,0.0887933745980263,0.00752556789666414,0.0869901105761528,0.0529210194945335,0.00668539945036173,-0.0274354219436646,-0.071954607963562,-0.0692214220762253,0.0337570533156395,-0.0573070272803307,-0.084804892539978,0.010627020150423,-0.0749664977192879,0.0438309796154499,-0.00961533281952143,0.0403315201401711,0.0323961526155472,0.0132875479757786,0.00872233416885138,0.00129777914844453,0.0536515116691589,-0.0287140756845474,0.0536195114254951,-0.0192810520529747,-0.04629847407341,0.0656127110123634,0.043582309037447,0.054220337420702,0.0659496784210205,-0.023020051419735,0.0696974992752075,-0.00840390846133232,0.01471215672791,0.0806306675076485,-0.0942041352391243,0.0161555558443069,-0.0171730536967516,0.0655506774783134,-0.0215569417923689,-0.0268247537314892,-0.0401844196021557,-0.0531313605606556,-0.0157158076763153,-0.0614267103374004,0.0611734092235565
InferredCov11,-0.0767099857330322,0.0555095076560974,0.0845149457454681,0.00702353846281767,-0.134224414825439,0.0232106186449528,0.0254023801535368,0.0914828255772591,0.0627872496843338,-0.0207165330648422,-0.0342740304768085,0.0159135311841965,0.111956715583801,-0.0401479490101337,0.0335691422224045,-0.0692714974284172,0.0556758381426334,0.00272508198395371,0.0402480810880661,0.0985583886504173,-0.024257555603981,0.0159135311841965,-0.0424788817763329,-0.00595328817144036,-0.0501389019191265,0.0549759790301323,-0.0689161047339439,0.0606344640254974,0.0514282695949078,0.00940639059990644,0.0381926260888577,-0.022370433434844,-0.0242026206105947,0.0497202351689339,-0.0560710169374943,0.0485453493893147,0.026060750707984,0.026436248794198,-0.0981681123375893,-0.00179708190262318,0.0374463312327862,0.00740383379161358,0.138201504945755,0.0384757108986378,-0.044817291200161,-0.0630912259221077,-0.0416124053299427,0.042805153876543,-0.0430090576410294,-0.0620765648782253,-0.136153295636177,0.0417887084186077,-0.0135741401463747,-0.062194436788559,0.0409978292882442,-0.0243164636194706,-0.0471234023571014,0.0557215437293053,0.0384784378111362,0.0370560325682163,0.00606413139030337,0.01442467328161,-0.102286256849766,0.006031165830791,0.00304446811787784,-0.0664462819695473,0.0643920749425888,0.00157044304069132,-0.00669141625985503,-0.0340766347944736,0.133367896080017,-0.0590038970112801,-0.0666931122541428,-0.00652638636529446,0.0326217524707317,0.02938362210989,-0.00150061515159905,-0.00179211585782468,-0.088407002389431,-0.0122469402849674,0.0348819456994534,-0.0122805666178465,-0.0968353226780891,0.0412463508546352,-0.0639435276389122,0.0690348222851753,-0.0618191659450531,0.00296268868260086,-0.0312711261212826,0.000392462912714109,-0.0614965595304966,0.0115043921396136,0.112357325851917,-0.00178075104486197,0.0584744848310947,-0.0238099135458469,-0.0698583573102951,0.0732186511158943,0.0182887800037861,0.0408488586544991,0.031003475189209,-0.0673440173268318,0.044984694570303,-0.0185101497918367,-0.121396757662296,-0.0691880062222481,-0.0275667570531368,0.0528701916337013,0.0952004119753838,0.0165733732283115,-0.093329444527626,-0.0578770488500595,0.116561874747276,0.00346182007342577,-0.000353748153429478,0.00166553165763617,0.0154383787885308,0.00215776148252189,-0.0300908982753754,0.0314946919679642,0.113725259900093,-0.0101830717176199,0.0540312267839909,-0.0471487045288086,-0.0946155861020088,0.0346398837864399,0.00559944566339254,-0.0435560569167137,0.0115043921396136,0.0483553595840931,0.0795964226126671,0.0352242141962051,0.0125668030232191,-0.0728386268019676,-0.0262034852057695,-0.00604557525366545,0.0049679190851748,0.0914815068244934,-0.0663027539849281,-0.0718231201171875,0.102645598351955,-0.121935777366161,-0.000659813289530575,-0.0420105792582035,-0.0823426693677902,0.0324341654777527,-0.0445413328707218,0.0391281358897686,0.0423373468220234,-0.11865658313036,0.0318707637488842,0.0323497466742992,0.00473608216270804,0.027730094268918,-0.0269562248140574,-0.0060439151711762,0.123924411833286,-0.120029844343662,0.0268996302038431,0.0503624714910984,0.0521296486258507,-0.0615773051977158,-0.0428838208317757,0.0355649255216122,0.0871312096714973,-0.0182058662176132,-0.0237543862313032,0.0156614650040865,-0.059647548943758,-0.00541505450382829,0.0614068396389484,-0.000545909802895039,-0.00962332263588905,0.0349108465015888,0.0461215898394585,0.0114010153338313,0.0397371388971806,0.0355274342000484,-0.0708417668938637,0.0112908417358994,0.108365692198277,-0.017824474722147,-0.13667756319046,-0.0102924583479762,-0.0129548497498035,-0.0578279197216034,-0.0263392757624388,0.00746659701690078,0.0614410974085331,-0.166517734527588,-0.05009476095438,-0.051522471010685,0.00925392657518387,-0.0925166457891464,0.000945915817283094,0.0592154338955879,0.0789247527718544,-0.00741403363645077,0.015023885294795,-0.00254560820758343,-0.0146835185587406,-0.052218671888113,0.0321888066828251,-0.0567385256290436,0.0222352780401707,-0.045625876635313,-0.0370566956698895,0.0430643148720264,0.0504198148846626,0.00199225917458534,-0.0162953697144985,-0.119058147072792,0.0580890029668808,-0.0289060194045305,0.0413061007857323,0.0902220532298088,-0.0895202085375786,0.0651713684201241,-0.00528370914980769,-0.0105119971558452,0.0197741147130728,0.0336449630558491,-0.0182093437761068,0.0267849024385214,0.0634216368198395,0.0514761842787266,-0.0313451774418354,-0.0122986817732453
InferredCov12,0.1441959887743,-0.0408993475139141,-0.0320385731756687,0.00670448457822204,-0.0028911279514432,0.0323464833199978,-0.0750649943947792,-0.105730950832367,-0.0515167601406574,-0.0975434631109238,0.0332066789269447,0.0148886619135737,0.0370722152292728,0.0373950935900211,-0.0187693312764168,0.123755864799023,-0.015068075619638,-0.0268270652741194,0.248007714748383,0.0626471117138863,-0.0312642902135849,0.0148886619135737,0.00953857507556677,-0.0160135366022587,0.0193061605095863,0.0776406899094582,0.0874911919236183,0.0657789558172226,0.121295973658562,0.0349864326417446,0.0326681658625603,0.0451923198997974,-0.00670177908614278,-0.0084355715662241,0.0324115119874477,-0.00180455471854657,0.0882434695959091,0.0129893682897091,0.0229999981820583,-0.0726253986358643,0.0689046159386635,0.0907203406095505,0.0373234525322914,-0.0786757543683052,0.000207114746444859,0.0826184079051018,-0.0297276675701141,-0.0639572143554688,-0.00418465351685882,-0.00328180962242186,-0.101191557943821,-0.0195219106972218,0.036519218236208,-0.0244170464575291,0.00922068953514099,-0.185234501957893,0.0177293736487627,0.0773102268576622,0.0443573854863644,-0.122510775923729,-0.00862921122461557,0.00755035690963268,-0.0928769707679749,-0.0480427145957947,-0.0272195134311914,-0.0158974658697844,-0.0036448840983212,0.106527023017406,0.000995653914287686,0.0822817012667656,0.117607817053795,-0.00595646863803267,0.00152857962530106,-0.024422250688076,0.00306295766495168,0.0141721954569221,-0.0245918165892363,-0.0424004830420017,0.0158463623374701,0.00311507936567068,-0.0267208777368069,0.0363766178488731,0.0188440978527069,-0.0323177315294743,0.0349896103143692,0.0438435226678848,-0.0332674197852612,0.0123808095231652,-0.00793486088514328,-0.0218018647283316,0.0453771762549877,-0.0476798377931118,-0.121919021010399,0.00803586840629578,-0.043937262147665,0.13228340446949,0.03879514336586,0.0369882956147194,-0.0675048008561134,0.032280195504427,-0.0369629338383675,0.0850718095898628,-0.146617859601974,-0.0353988334536552,0.0222963057458401,-0.0116268368437886,0.0123631190508604,-0.0394331887364388,-0.0621493868529797,-0.0193986762315035,0.0670961514115334,0.097188375890255,-0.0646641477942467,0.121194057166576,0.0341796875,0.0278250817209482,0.0427464842796326,-0.0417120382189751,0.0155254369601607,-0.0536532886326313,-0.0618037804961205,0.0715135484933853,-0.0677165389060974,-0.0247821658849716,-0.0732264146208763,-0.0184312239289284,-0.0505424775183201,0.0247028097510338,-0.0476798377931118,0.0452858135104179,-0.068585179746151,-0.049691554158926,0.0682932585477829,0.0456388741731644,0.104834347963333,0.00571548053994775,-0.00692785438150167,0.00149701640475541,-0.0623018443584442,0.00513753667473793,-0.00378085765987635,-0.0221749078482389,0.0642574280500412,0.100952155888081,0.0613651387393475,-0.00170388957485557,-0.013422985561192,-0.00840048957616091,0.0298587288707495,-0.0620189793407917,0.0165439713746309,0.000523736875038594,-0.00641445675864816,0.0210073161870241,0.0379414036870003,0.0843557640910149,0.0212488081306219,-0.190127074718475,-0.0267487540841103,-0.0873508155345917,-0.0115470914170146,0.0293770395219326,0.00459265382960439,-0.0393767654895782,-0.0297467615455389,-0.0157238934189081,-0.0740195214748383,-0.0778189823031425,0.038065817207098,-0.0206022541970015,0.0375686436891556,0.029020918533206,0.0314307920634747,0.0625414848327637,0.0482430905103683,0.0950253382325172,-0.093700110912323,-0.0137714045122266,-0.0209061875939369,0.0316995568573475,0.0288767442107201,0.0628660172224045,-0.0518208555877209,-0.00790543202310801,-0.166024833917618,-0.00130866665858775,0.0383508950471878,-0.0116413906216621,0.0136081892997026,-0.113110348582268,-0.0676577761769295,0.0842662006616592,-0.00389159703627229,-0.0504270493984222,-0.107301734387875,0.0702001228928566,0.0102600427344441,-0.04623644053936,-0.0410543233156204,0.0700490102171898,-0.0176244881004095,0.0105994995683432,-0.0225758049637079,0.0469830073416233,0.00721512967720628,0.070231631398201,-0.091289609670639,-0.0542181730270386,0.036620058119297,-0.000371008238289505,-0.0111698545515537,-0.0797271728515625,0.0419530645012856,-0.075446180999279,-0.0519117154181004,-0.0937064290046692,0.00206301896832883,-0.0579775869846344,0.0651319995522499,0.0175146441906691,-0.0697861909866333,0.07106564193964,-0.141549810767174,-0.0149681810289621,0.0146177345886827,-0.00781227042898536,0.0769030749797821,-0.0224277693778276
InferredCov13,0.0144974514842033,-0.0649056434631348,0.014962075278163,-0.000678335258271545,-0.0620883293449879,-0.011699010618031,-0.0357553400099277,-0.00152611953672022,-0.0274247918277979,-0.00101903616450727,-0.106237679719925,-0.0161404199898243,-0.0374328270554543,0.0467809066176414,-0.101911701261997,0.0768187418580055,0.0338447168469429,-0.00119516800623387,0.0919732972979546,0.0298053622245789,-0.060193195939064,-0.0161404199898243,0.0565278343856335,0.0257421806454659,-0.0838155597448349,-0.0885682106018066,-0.062794603407383,0.0898124277591705,0.00461749918758869,0.0218406599014997,-0.0356621034443378,0.126704037189484,-0.00552705861628056,0.106744058430195,0.0768259093165398,0.0811764672398567,-0.0858999118208885,-0.0926176235079765,-0.0363981388509274,-0.0247514676302671,-0.0153253590688109,-0.160770416259766,-0.0813485234975815,0.0141961593180895,0.0226279925554991,-0.0490140952169895,0.00899810809642076,0.025302654132247,-0.0652527511119843,0.0128281563520432,-0.0360028073191643,-0.0940375998616219,-0.0217301901429892,-0.0621008910238743,0.0117836212739348,0.0632681995630264,0.122205682098866,0.0135675808414817,-0.062053520232439,-0.0145859578624368,0.0110627263784409,0.0755079835653305,-0.0921526923775673,-0.0308790262788534,-0.053422424942255,0.0348764955997467,0.0281555578112602,0.0123746572062373,-0.0343566462397575,0.0171160269528627,-0.0484411679208279,0.0583120211958885,0.110873483121395,-0.0313567593693733,0.0552656278014183,0.0125019839033484,-0.0639482662081718,0.0912846401333809,-0.00443968689069152,-0.00535508058965206,0.0750318393111229,0.0658222660422325,-0.0952498763799667,0.0324520282447338,0.156192392110825,-0.108597069978714,0.0207070112228394,-0.0546559952199459,0.0200271904468536,0.0512010529637337,-0.0464553274214268,-0.00674988003447652,-0.0310345645993948,0.0521106272935867,-0.0162865743041039,0.0527311526238918,-0.0318381041288376,0.0445016399025917,-0.0263251326978207,0.0142537504434586,0.177241668105125,-0.0264919102191925,0.0445215441286564,-0.0403877831995487,0.0705898329615593,-0.0771008357405663,-0.00494056846946478,-0.0160681325942278,-0.00929594878107309,-0.0457471497356892,0.0226760786026716,-0.123207442462444,-0.0334004200994968,-0.0883850455284119,-0.0146946515887976,0.0311002694070339,-0.0220654830336571,-0.0221326258033514,-0.0767736360430717,-0.029148893430829,-0.0339749827980995,0.0341393873095512,0.0122660836204886,0.0628117248415947,-0.112849995493889,-0.0741957053542137,0.0193543322384357,0.0983990728855133,-0.00674988003447652,-0.0282220225781202,0.0878795608878136,-0.0247504450380802,-0.062831424176693,0.046778853982687,0.0325726233422756,-0.105108544230461,0.0237823706120253,0.0684981346130371,-0.0237100720405579,-0.0405525900423527,-0.0236671883612871,0.00475665787234902,0.0607178471982479,-0.00119956489652395,-0.0544193647801876,0.0305420774966478,0.0946072414517403,-0.0593657456338406,-0.00520049268379807,0.082939088344574,0.0719303637742996,0.0570606179535389,0.00777519214898348,-0.187075644731522,0.0816168412566185,-0.056518230587244,0.0282626692205667,-0.0919618904590607,-0.107087209820747,0.0278428103774786,-0.00766824884340167,-0.0563732460141182,0.0438350737094879,-0.0139904031530023,-0.0330893434584141,0.0623527765274048,0.0469651520252228,0.00151787733193487,0.0666014552116394,0.0371031388640404,-0.0376552827656269,-0.0219567827880383,0.0656490474939346,0.0687231793999672,-0.100354164838791,-0.0256393067538738,0.000150253166793846,-0.109089739620686,-0.0264839623123407,-0.0244637485593557,0.0692727118730545,0.0527452304959297,-0.0204560309648514,0.0358475409448147,0.0800892189145088,0.148046135902405,0.0379722937941551,-0.0846161097288132,0.0557518117129803,-0.0768068581819534,0.0139939989894629,0.0195929612964392,0.0648516193032265,-0.0994675979018211,-0.00495336903259158,-0.0521214790642262,-0.00413895165547729,-0.0495374873280525,0.0805949568748474,0.00927664153277874,0.0747980922460556,0.11560296267271,0.0478839613497257,0.0168140642344952,-0.0410455577075481,-0.0437043830752373,0.0448444001376629,0.0314768701791763,0.0531040988862514,0.0526842847466469,-0.0270092468708754,0.038349624723196,-0.0845999196171761,-0.0336855538189411,0.0452523492276669,0.0624052211642265,0.0167457945644855,0.114658050239086,-0.0698595717549324,0.0934830009937286,-0.0290802959352732,-0.0520736798644066,-0.125011011958122,-0.0509707741439342,0.0517085827887058,0.0463806875050068,0.0590298995375633,0.0510180629789829
InferredCov14,0.0166055373847485,0.0399334132671356,0.0260825604200363,-0.152984544634819,-0.0277732703834772,0.0568173602223396,0.0101716574281454,-0.0374864339828491,0.012033274397254,0.0780419707298279,0.0187618397176266,0.0498087778687477,-0.0624667815864086,-0.134107992053032,0.0363113321363926,-0.0317107699811459,-0.0576145648956299,0.0271848328411579,-0.0350316241383553,-0.0797966346144676,-0.0284213684499264,0.0498087778687477,0.122405834496021,0.0698299929499626,-0.0351880192756653,0.0935524553060532,-0.0136744640767574,-0.0395475141704082,-0.0808018818497658,0.0406798496842384,-0.0949167311191559,0.139430925250053,-0.00336555228568614,-0.100365675985813,-0.0346841737627983,0.047196801751852,-0.00403673760592937,-0.0192015338689089,-0.090796485543251,0.0622867606580257,-0.0176704172044992,-0.0975558832287788,-0.097583144903183,-0.033016424626112,-0.0176669303327799,-0.0135747203603387,-0.0340550281107426,-0.00350585556589067,0.0297630839049816,-0.028491647914052,-0.0688799321651459,-0.0702790841460228,0.00445114634931087,-0.0450437217950821,0.0133809456601739,-0.102318540215492,-0.0713784322142601,0.0191751383244991,-0.0271418392658234,0.0513198897242546,0.0405994579195976,-0.0186862107366323,0.0712635144591331,-0.030843835324049,0.0525966733694077,0.0997941046953201,-0.0174532048404217,-0.0507720597088337,-0.0980434119701385,-0.114110141992569,-0.00782939791679382,-0.126162007451057,0.0416099280118942,0.0477289147675037,0.0559385940432549,-0.0477471351623535,-0.0754349231719971,0.0421076156198978,-0.030876288190484,0.0743874534964561,0.129989862442017,-0.0533014982938766,0.2154451161623,-0.0515881702303886,0.0396464727818966,0.0234674979001284,0.0110975420102477,-0.0972247570753098,0.0751395970582962,0.0676329359412193,0.0121344812214375,-0.0670580863952637,0.0178684536367655,-0.0575459375977516,-0.0223333276808262,0.00475659174844623,0.000519189634360373,-0.0297038536518812,-0.0135328536853194,-0.0698297768831253,0.0063938363455236,0.0691912695765495,-0.0604302957653999,0.0636501386761665,0.0860336199402809,0.0448404774069786,0.124245375394821,0.075928308069706,0.0795206055045128,0.0132837453857064,-0.0139094227924943,0.0318934172391891,-0.0200048144906759,0.0387114994227886,-0.0860938802361488,-0.0889968425035477,-0.0947509482502937,0.00488643255084753,-0.0380180329084396,0.0432057343423367,0.0103989616036415,0.119157016277313,-0.0718265101313591,-0.0076686842367053,0.0142227401956916,0.0351048186421394,-0.0395912230014801,0.126544028520584,-0.0670580863952637,0.015862038359046,0.0172490738332272,0.0525887496769428,0.0802039429545403,0.00177559535950422,-0.0147119853645563,-0.0405803732573986,0.00601447420194745,-0.0761283859610558,-0.0339823961257935,-0.0113877542316914,0.0214493703097105,0.0472495518624783,-0.000847745919600129,-0.0484239608049393,-0.00442000897601247,6.2192884797696e-05,-0.00968239456415176,-0.0893461778759956,0.0420328304171562,0.0259571690112352,0.0707869306206703,0.0721654444932938,0.0880876556038857,0.0682540237903595,-0.022605761885643,-0.118934780359268,0.0160164888948202,-0.152755156159401,-0.0866300091147423,0.0179197210818529,0.0446089804172516,0.00555641204118729,-0.0315655469894409,-0.0299028474837542,-0.0435267277061939,-0.0424098372459412,-0.0335356257855892,0.00440190220251679,-0.0392516739666462,-0.0202022809535265,-0.00144574278965592,0.113095104694366,0.0208928026258945,0.0488241799175739,-0.0089483791962266,-0.0237359385937452,0.0522733815014362,-0.0295565370470285,-0.0709284022450447,0.00346436793915927,0.0403170511126518,0.0273853819817305,0.0460336767137051,-0.00106302928179502,-0.178519606590271,-0.0576721020042896,-0.0293917804956436,-0.0662869736552238,-0.0311367753893137,-0.035344909876585,-0.102231211960316,-0.0592567585408688,0.0459835901856422,0.0218150317668915,-0.0122238919138908,0.0944650322198868,-0.0720684602856636,-0.00864001363515854,0.0747857764363289,-0.10034816712141,-0.0550148449838161,0.026535427197814,0.0131091019138694,0.0886678621172905,-0.0260793268680573,0.11701013147831,-0.0839944705367088,0.0815225765109062,0.0610745139420033,0.0250017959624529,0.0986078009009361,0.0337716713547707,0.0512394867837429,-0.0123949469998479,0.0951436311006546,0.108453899621964,0.0337804965674877,0.118413187563419,0.0836748480796814,-0.113450184464455,0.0558079965412617,0.032370463013649,0.128338679671288,-0.00173685734625906,-0.0527276061475277,0.12450584769249,-0.0735151320695877,-0.0762414410710335
InferredCov15,-0.00216198386624455,0.0477795898914337,0.0169241484254599,0.0029613976366818,0.0831228196620941,0.0492101274430752,-0.0217760857194662,-0.0140315480530262,-0.112668752670288,-0.0407304316759109,0.019524946808815,-0.104294702410698,0.0325134247541428,-0.0530400313436985,-0.037156019359827,0.178622409701347,-0.00278358068317175,0.000720147625543177,0.288631319999695,0.0271652303636074,-0.0441347137093544,-0.104294702410698,-0.116016998887062,0.0578393787145615,-0.0240157749503851,-0.0391323231160641,-0.0518557615578175,-0.033009510487318,-0.0102302823215723,0.0540124736726284,-0.0361535400152206,0.155770510435104,0.031961627304554,-0.0600925013422966,0.0658252015709877,0.0203388910740614,-0.0134760560467839,0.0741591230034828,0.0631643310189247,0.0412717163562775,-0.0307539850473404,-0.0911724269390106,-0.00780308153480291,-0.054464977234602,0.012196890078485,-0.0172402858734131,0.0315401069819927,-0.0495279654860497,0.00384976039640605,-0.0293658804148436,-0.110654465854168,0.000167601654538885,0.00616640038788319,-0.103785820305347,0.0307688284665346,-0.0862283408641815,0.0722662657499313,0.000821314635686576,-0.0899012163281441,0.0539282858371735,-0.111017845571041,-0.0116567900404334,-0.00990089122205973,0.0630980804562569,0.0414683073759079,0.0114926705136895,-0.0313959456980228,0.17698660492897,-0.0268162209540606,-0.147653371095657,0.0136773511767387,-0.0283389613032341,-0.0118290400132537,-0.0209500454366207,-0.00520480331033468,0.0266259014606476,0.0420282520353794,-0.049115002155304,-0.0224598105996847,-0.0710101127624512,-0.0417839661240578,-0.097326748073101,-0.0534676685929298,-0.0617222934961319,0.0196700878441334,-0.0446149259805679,-0.0376983471214771,-0.0299836341291666,-0.000916762393899262,-0.00577081739902496,-0.00559289753437042,0.0565981157124043,-0.00740359956398606,-0.0202479567378759,0.0419482551515102,0.00989999808371067,0.0264637880027294,-0.108055047690868,0.0507847368717194,0.0127037819474936,0.0280506536364555,-0.0238612703979015,0.0270432978868484,0.034338615834713,-0.0100663742050529,0.0881358161568642,0.0184664726257324,0.0934422165155411,0.0354855433106422,-0.00409058015793562,0.0253556463867426,-0.0535765700042248,0.00804308615624905,0.0180671326816082,0.0442617759108543,-0.0477986373007298,0.0274107325822115,0.0719227492809296,0.0405462458729744,0.0704553574323654,0.073679082095623,-0.148823425173759,-0.0326157696545124,0.00902986247092485,0.0434101559221745,0.0178187321871519,0.0344043932855129,-0.00267588393762708,0.0565981157124043,-0.0831287801265717,-0.00831944402307272,0.000591775227803737,-0.0205239783972502,0.0580146238207817,-0.0216056331992149,0.0781547054648399,-0.00449518440291286,0.00747218774631619,0.0166041161864996,-0.0426817573606968,0.0820282772183418,0.0148274647071958,-0.0563637614250183,0.0873537883162498,-0.080380417406559,0.0365610979497433,-0.0238614492118359,0.0103225167840719,0.00879495032131672,0.0501684546470642,0.104941062629223,-0.0799805745482445,-0.0149195101112127,0.0228056441992521,-0.00862202607095242,-0.0819648876786232,-0.150359094142914,0.0585563741624355,0.00502817844972014,0.0856327638030052,-0.0450270958244801,-0.0597982406616211,-0.0198314152657986,0.0229004118591547,-0.0711361691355705,-0.0531360693275928,-0.0185087937861681,-0.0423759892582893,-0.0330698229372501,0.01687534712255,0.117860861122608,0.0619083754718304,-0.0873310714960098,-0.076704666018486,-0.0252933092415333,-0.00624844944104552,-0.0534403957426548,0.0960347950458527,-0.0175147689878941,0.0739425644278526,0.0264680273830891,-0.016215842217207,-0.0176213271915913,0.0587826929986477,0.332535624504089,-0.063216857612133,-0.00029328657547012,0.0150195090100169,-0.107785262167454,-0.0849675014615059,-0.0378657877445221,-0.0206679385155439,-0.00178417470306158,0.0627982020378113,0.0293121263384819,0.0650713965296745,-0.0328729897737503,-0.091046154499054,0.00323988008312881,-0.0477002151310444,-0.0679185464978218,-0.0768290981650352,-0.0028144137468189,-0.0532248616218567,-0.000453325948910788,0.00920462887734175,0.0566000379621983,-0.00816302094608545,-0.0848279297351837,0.0167613979429007,-0.0311573334038258,0.0982940196990967,-0.0143450992181897,-0.0184255465865135,-0.025366922840476,0.0304972380399704,0.052444014698267,-0.0657010823488235,0.0488642491400242,0.0413393452763557,-0.0424081161618233,0.177406936883926,0.012582897208631,-0.0448913872241974,-0.0235233046114445,0.0456115566194057,-0.0668583139777184,0.040557473897934
